dateEncoded,pro,ppo,stn,pcp,region,province,municipal,barangay,street,typeofPlace,dateReported,timeReported,dateCommitted,MONTH,timeCommitted,incidentType,iscime,mode_reporting,stageoffelony,offense,offenseType,section,modus,threatGrp,grpAffiliation,incidenttypethreatgrp,mrs,suspectisEGO,suspectEGOPosition,suspectEGOClass,victimisEGO,victimEGOPosition,victimEGOClass,suspectMotive,suspectSubMotive,victimKilled,victimInjured,victimUnharmed,suspectKilled,suspectAtLarge,suspectArrested,casestatus,caseSolveType,caseStatusinProsec,groundDismissedProsec,fillingType,dateFiledtoProsec,caseCourtStatus,dateFiledInCourt,ccNo,judge,court,groundDismissedCourt,lat,lng,victimCount,suspectCount,placeCommission,robStablishmentType,robStablishmentName,faserialno,facaliber,fakind,famake,fastatus,drugInvolved,vehiclePlateNo,vehicleMCPlateNo,vehicleChassisNo,vehicleKind,vehicleMake,vehicleModel,vehicleStatus,vehicleRegistrationNo,vehicleRegistrationStatus,vehicleColorum,gambling_kind,amount
2025-01-03 01:19:10,NCRPO,SPD HQS,PS 01 Pasay City,,NATIONAL CAPITAL REGION,SOUTHERN,PASAY CITY,BARANGAY 76,ROXAS BLVD,Along the street,2025-01-02,21:30:00,2025-01-01,January,23:22:00,(Incident) Robbery,YES,,CONSUMMATED,ROBBERY ,Crimes Against Property,,Snatching,No,,,No,No,,,No,,,Personal Gain,,No,No,Yes,No,No,Yes,Solved,SOLVED (FILED-ARRESTED),RESOLVED - FILED IN COURT,,INQUEST,2025-01-02,PRE-TRIAL,2025-01-02,Pending,Pending,Pending,,14.554174,120.989258,1,1,,,,,,,,,,,,,,,,,,,,,
2025-01-02 04:02:08,NCRPO,SPD HQS,PS 01 Pasay City,,NATIONAL CAPITAL REGION,SOUTHERN,PASAY CITY,BARANGAY 176,E. FLORES,Along the street,2025-01-01,15:30:00,2025-01-01,January,13:15:00,(Incident) Shooting,YES,Personal/Walk-in,CONSUMMATED,MURDER ,Crimes Against Persons,,Shooting,No,,,Yes,No,,,No,,,Revenge,,No,No,No,No,Yes,No,Cleared,,RESOLVED - FILED IN COURT,,INQUEST,2025-01-06,ON-GOING TRIAL,2025-01-06,Pending,Pending,Pending,,14.532466,121.010574,1,1,,,,,,,,,,,,,,,,,,,,,
2025-01-07 21:58:27,NCRPO,SPD HQS,PS 01 Pasay City,,NATIONAL CAPITAL REGION,SOUTHERN,PASAY CITY,BARANGAY 183,14TH,Residential (house/condo),2025-01-07,17:00:00,2025-01-02,January,01:00:00,(Incident) Rape,YES,,CONSUMMATED,RAPE ,Crimes Against Persons,,Deprived of Reason or Unconcious (Under the influence of Liquior),No,,,,No,,,No,,,Lust,,No,No,Yes,No,Yes,No,Cleared,,UNDER PRELIMINARY INVESTIGATION,,E-INQUEST,2025-01-07,,,,,,,14.529854,121.015091,1,1,,,,,,,,,,,,,,,,,,,,,
2025-01-05 23:08:49,NCRPO,SPD HQS,PS 01 Pasay City,,NATIONAL CAPITAL REGION,SOUTHERN,PASAY CITY,BARANGAY 4,"\""RODRIQUES, CUYRGING\""",Along the street,2025-01-05,08:00:00,2025-01-04,January,22:40:00,(Incident) Child Abuse,YES,,CONSUMMATED,PHYSICAL INJURIES ,Crimes Against Persons,,Mauling,No,,,,No,,,No,,,Hatred,,No,Yes,No,No,No,Yes,Solved,SOLVED (FILED-ARRESTED),UNDER PRELIMINARY INVESTIGATION,,E-INQUEST,2025-01-05,,,,,,,14.556959,120.999199,1,5,,,,,,,,,,,,,,,,,,,,,
2025-01-05 01:49:01,NCRPO,SPD HQS,PS 01 Pasay City,,NATIONAL CAPITAL REGION,SOUTHERN,PASAY CITY,BARANGAY 47,SANDEJAS,Commercial/Business Establishment,2025-01-04,11:30:00,2025-01-04,January,10:15:00,(Incident) Theft,YES,Personal/Walk-in,CONSUMMATED,THEFT  ,Crimes Against Property,,Bag Snatching,No,,,No,No,,,No,,,Personal Gain,,No,No,Yes,No,No,Yes,Solved,SOLVED (FILED-ARRESTED),RESOLVED - FILED IN COURT,,E-INQUEST,2025-01-24,ON-GOING TRIAL,2025-01-24,Pending,Pending,Pending,,14.550999,120.990311,1,1,,,,,,,,,,,,,,,,,,,,,
2025-01-19 06:14:39,NCRPO,SPD HQS,PS 01 Pasay City,,NATIONAL CAPITAL REGION,SOUTHERN,PASAY CITY,BARANGAY 70,"\""MOANA,\""",Along the street,2025-01-18,12:00:00,2025-01-07,January,11:15:00,(Incident) Robbery,YES,,CONSUMMATED,ROBBERY ,Crimes Against Property,,Akyat Bahay,No,,,No,No,,,No,,,Personal Gain,,No,No,Yes,No,Yes,No,Cleared,,,,,,ON-GOING TRIAL,2025-01-17,XV-13-INV-25-A-00119,PENDING,PENDING,,14.550999,120.990311,1,3,,,,,,,,,,,,,,,,,,,,,
2025-01-17 21:01:55,NCRPO,SPD HQS,PS 01 Pasay City,,NATIONAL CAPITAL REGION,SOUTHERN,PASAY CITY,BARANGAY 145,NARRA,Residential (house/condo),2025-01-17,12:00:00,2025-01-11,January,03:45:00,(Incident) Rape,YES,Personal/Walk-in,CONSUMMATED,RAPE ,Republic Act,,"Force, Threat and Intimidation",No,,,,No,,,No,,,Lust,,No,No,Yes,No,Yes,No,Cleared,,UNDER PRELIMINARY INVESTIGATION,,REGULAR,2025-01-17,,2025-07-12,,,,,14.534902,121.00061,1,1,,,,,,,,,,,,,,,,,,,,,
2025-01-16 19:10:08,NCRPO,SPD HQS,PS 01 Pasay City,,NATIONAL CAPITAL REGION,SOUTHERN,PASAY CITY,BARANGAY 145,NARRA,Along the street,2025-01-16,11:30:00,2025-01-16,January,09:20:00,(Incident) Theft,YES,,CONSUMMATED,THEFT  ,Crimes Against Property,,Committed by an employee (commercial/store/shop),No,,,No,No,,,No,,,Personal Gain,,No,No,Yes,No,No,Yes,Solved,SOLVED (FILED-ARRESTED),RESOLVED - FILED IN COURT,,INQUEST,2025-01-16,ON-GOING TRIAL,2025-01-16,Pending,Pending,Pending,,14.534684,120.998871,1,1,,,,,,,,,,,,,,,,,,,,,
2025-01-17 00:44:44,NCRPO,SPD HQS,PS 01 Pasay City,,NATIONAL CAPITAL REGION,SOUTHERN,PASAY CITY,BARANGAY 79,TAFT AVE EXTN,Along the street,2025-01-16,19:00:00,2025-01-16,January,17:55:00,(Incident) Carnapping/Motornapping,YES,,CONSUMMATED,MOTORNAPPING,Republic Act,,Stolen While Parked Unattended (SWPU),No,,,No,No,,,No,,,Personal Gain,,No,No,Yes,No,No,Yes,Solved,SOLVED (FILED-ARRESTED),RESOLVED - FILED IN COURT,,INQUEST,2025-01-16,ON-GOING TRIAL,2025-01-16,Pending,Pending,Pending,,14.534663,120.998535,1,1,,,,,,,,,,,,,,,,,,,,,
2025-01-17 10:48:50,NCRPO,SPD HQS,PS 01 Pasay City,,NATIONAL CAPITAL REGION,SOUTHERN,PASAY CITY,BARANGAY 76,ROXAS BLVD,Along the street,2025-01-17,21:30:00,2025-01-17,January,02:30:00,(Incident) Carnapping/Motornapping,YES,,CONSUMMATED,CARNAPPING,Republic Act,,Stolen While Parked Unattended (SWPU),No,,,No,No,,,No,,,Personal Gain,,No,No,Yes,No,No,Yes,Solved,SOLVED (FILED-ARRESTED),RESOLVED - FILED IN COURT,,INQUEST,2025-01-16,ON-GOING TRIAL,2025-01-16,Pending,Pending,Pending,,14.553179,120.989685,1,1,,,,,,,,,,,,,,,,,,,,,
2025-01-19 05:49:06,NCRPO,SPD HQS,PS 01 Pasay City,,NATIONAL CAPITAL REGION,SOUTHERN,PASAY CITY,BARANGAY 84,PILAPIL,Residential (house/condo),2025-01-18,10:45:00,2025-01-18,January,04:00:00,(Incident) Acts of Lasciviousness,YES,,CONSUMMATED,PHYSICAL INJURIES ,Crimes Against Persons,,Mauling,No,,,,No,,,No,,,Lust,,No,No,Yes,No,No,Yes,Solved,SOLVED (FILED-ARRESTED),RESOLVED - FILED IN COURT,,E-INQUEST,2025-01-18,ON-GOING TRIAL,2025-01-18,Pending,Pending,Pending,,14.550999,120.990311,1,1,,,,,,,,,,,,,,,,,,,,,
2025-05-03 07:34:30,NCRPO,SPD HQS,PS 01 Pasay City,,NATIONAL CAPITAL REGION,SOUTHERN,PASAY CITY,BARANGAY 114,PROTACIO,Residential (house/condo),2025-05-02,11:30:00,2025-01-19,January,13:00:00,(Incident) Rape,YES,,CONSUMMATED,RAPE ,Republic Act,Section 1 Rape Offense,Statutory rape,No,,,,No,,,No,,,Lust,,No,No,Yes,No,Yes,No,Cleared,,UNDER PRELIMINARY INVESTIGATION,,REGULAR,2025-05-02,,2025-05-03,,,,,14.543023,121.002388,1,1,,,,,,,,,,,,,,,,,,,,,
2025-01-24 23:40:35,NCRPO,SPD HQS,PS 01 Pasay City,,NATIONAL CAPITAL REGION,SOUTHERN,PASAY CITY,BARANGAY 56,,Residential (house/condo),2025-01-24,00:00:00,2025-01-21,January,21:00:00,(Incident) Rape,YES,Personal/Walk-in,CONSUMMATED,RAPE ,Republic Act,Section 1 Rape Offense,Statutory rape,No,,,,No,,,No,,,Lust,,No,No,Yes,No,No,Yes,Solved,SOLVED (FILED-ARRESTED),RESOLVED - FILED IN COURT,,REGULAR,2025-01-24,ON-GOING TRIAL,2025-04-21,R-PSY-25-00931-CR,Judge Jehan Sampao-Hassiman,"Branch 11, Pasay City",,14.550472,121.001129,1,1,,,,,,,,,,,,,,,,,,,,,
2025-01-22 23:51:53,NCRPO,SPD HQS,PS 01 Pasay City,,NATIONAL CAPITAL REGION,SOUTHERN,PASAY CITY,BARANGAY 97,TAFT AVE,Along the street,2025-01-22,19:00:00,2025-01-22,January,09:30:00,(Incident) Physical Injury,YES,,CONSUMMATED,PHYSICAL INJURIES ,Crimes Against Persons,,Punching,No,,,,No,,,No,,,Heated Argument/Misunderstanding,,No,Yes,No,No,No,Yes,Solved,SOLVED (FILED-ARRESTED),RESOLVED - FILED IN COURT,,INQUEST,2025-01-22,ON-GOING TRIAL,2025-01-22,Pending,Pending,Pending,,14.537856,121.000893,1,1,,,,,,,,,,,,,,,,,,,,,
2025-02-02 23:48:15,NCRPO,SPD HQS,PS 01 Pasay City,,NATIONAL CAPITAL REGION,SOUTHERN,PASAY CITY,BARANGAY 49,,Along the street,2025-02-02,22:00:00,2025-02-02,February,10:28:00,(Incident) Theft,YES,Personal/Walk-in,CONSUMMATED,THEFT  ,Crimes Against Property,,Applied as helper,No,,,No,No,,,No,,,Personal Gain,,No,No,Yes,No,No,Yes,Solved,SOLVED (FILED-ARRESTED),RESOLVED - FILED IN COURT,,E-INQUEST,2025-02-01,ON-GOING TRIAL,2025-02-01,Pending,Pending,Pending,,14.550999,120.990311,1,1,,,,,,,,,,,,,,,,,,,,,
2025-02-04 02:42:04,NCRPO,SPD HQS,PS 01 Pasay City,,NATIONAL CAPITAL REGION,SOUTHERN,PASAY CITY,BARANGAY 145,YAKAL,Along the street,2025-02-03,22:00:00,2025-02-03,February,18:58:00,(Incident) Shooting,YES,Personal/Walk-in,CONSUMMATED,MURDER ,Crimes Against Persons,,Shooting,No,,,No,Yes,Brgy Councilor/Kagawad,Incumbent,Yes,Brgy Councilor/Kagawad,Incumbent,Drug Related,,No,No,No,No,Yes,No,Cleared,,UNDER PRELIMINARY INVESTIGATION,,REGULAR,2025-02-12,,,,,,,14.53324,120.997688,1,1,,,,,,,,,,,,,,,,,,,,,
2025-02-06 19:02:07,NCRPO,SPD HQS,PS 01 Pasay City,,NATIONAL CAPITAL REGION,SOUTHERN,PASAY CITY,BARANGAY 159,EDSA,Commercial/Business Establishment,2025-02-05,23:00:00,2025-02-04,February,13:00:00,(Incident) Theft,YES,,CONSUMMATED,THEFT  ,Crimes Against Property,,Shoplifting,No,,,No,No,,,No,,,Personal Gain,,No,No,Yes,No,No,Yes,Solved,SOLVED (FILED-ARRESTED),RESOLVED - FILED IN COURT,,INQUEST,2025-02-05,ON-GOING TRIAL,2025-02-05,Pending,Pending,Pending,,14.538451,121.010635,1,1,,,,,,,,,,,,,,,,,,,,,
2025-02-11 16:23:05,NCRPO,SPD HQS,PS 01 Pasay City,,NATIONAL CAPITAL REGION,SOUTHERN,PASAY CITY,BARANGAY 76,DERHAM,Commercial/Business Establishment,2025-02-11,06:15:00,2025-02-10,February,22:15:00,(Incident) Theft,YES,,CONSUMMATED,THEFT  ,Crimes Against Property,,Shoplifting,No,,,No,No,,,No,,,Personal Gain,,No,No,Yes,No,No,Yes,Solved,SOLVED (FILED-ARRESTED),RESOLVED - FILED IN COURT,,INQUEST,2025-02-11,ON-GOING TRIAL,2025-02-11,Pending,Pending,Pending,,14.53486,120.982216,1,1,,,,,,,,,,,,,,,,,,,,,
2025-02-10 08:29:36,NCRPO,SPD HQS,PS 01 Pasay City,,NATIONAL CAPITAL REGION,SOUTHERN,PASAY CITY,BARANGAY 41,SANDEJAS,Along the street,2025-02-10,07:00:00,2025-02-10,February,18:30:00,(Incident) Mauling,YES,,CONSUMMATED,PHYSICAL INJURIES ,Crimes Against Persons,,Mauling,No,,,,No,,,No,,,Heated Argument/Misunderstanding,,No,Yes,No,No,No,Yes,Solved,SOLVED (FILED-ARRESTED),RESOLVED - FILED IN COURT,,INQUEST,2025-02-10,ON-GOING TRIAL,2025-02-10,Pending,Pending,Pending,,14.559171,120.997139,1,2,,,,,,,,,,,,,,,,,,,,,
2025-02-12 16:54:49,NCRPO,SPD HQS,PS 01 Pasay City,,NATIONAL CAPITAL REGION,SOUTHERN,PASAY CITY,BARANGAY 76,DERHAM,Commercial/Business Establishment,2025-02-12,06:00:00,2025-02-11,February,18:52:00,(Incident) Theft,YES,,CONSUMMATED,THEFT  ,Crimes Against Property,,Committed by an employee (commercial/store/shop),No,,,No,No,,,No,,,Personal Gain,,No,No,Yes,No,No,Yes,Solved,SOLVED (FILED-ARRESTED),RESOLVED - FILED IN COURT,,INQUEST,2025-02-12,ON-GOING TRIAL,2025-02-12,Pending,Pending,Pending,,14.534653,120.981705,1,3,,,,,,,,,,,,,,,,,,,,,
2025-02-12 01:04:02,NCRPO,SPD HQS,PS 01 Pasay City,,NATIONAL CAPITAL REGION,SOUTHERN,PASAY CITY,BARANGAY 76,DERHAM,Commercial/Business Establishment,2025-02-11,23:25:00,2025-02-11,February,21:55:00,(Incident) Theft,YES,,CONSUMMATED,THEFT  ,Crimes Against Property,,Shoplifting,No,,,No,No,,,No,,,Personal Gain,,No,No,Yes,No,No,Yes,Solved,SOLVED (FILED-ARRESTED),RESOLVED - FILED IN COURT,,INQUEST,2025-02-11,ON-GOING TRIAL,2025-02-11,Pending,Pending,Pending,,14.534985,120.981659,1,1,,,,,,,,,,,,,,,,,,,,,
2025-02-16 23:51:08,NCRPO,SPD HQS,PS 01 Pasay City,,NATIONAL CAPITAL REGION,SOUTHERN,PASAY CITY,BARANGAY 165,E. RODRIGUEZ,Along the street,2025-02-16,03:30:00,2025-02-15,February,19:00:00,(Incident) Physical Injury,YES,,CONSUMMATED,PHYSICAL INJURIES ,Crimes Against Persons,,Punching,No,,,,No,,,No,,,Heated Argument/Misunderstanding,,No,No,Yes,No,No,Yes,Solved,SOLVED (FILED-ARRESTED),RESOLVED - FILED IN COURT,,E-INQUEST,2025-02-15,ON-GOING TRIAL,2025-02-15,Pending,Pending,Pending,,14.550999,120.990311,1,1,,,,,,,,,,,,,,,,,,,,,
2025-02-18 01:38:35,NCRPO,SPD HQS,PS 01 Pasay City,,NATIONAL CAPITAL REGION,SOUTHERN,PASAY CITY,BARANGAY 183,NEWPORT BLVD,Commercial/Business Establishment,2025-02-17,19:00:00,2025-02-17,February,05:29:00,(Incident) Theft,YES,,CONSUMMATED,THEFT  ,Crimes Against Property,,Cable/electric meter,No,,,No,No,,,No,,,Personal Gain,,No,No,Yes,No,No,Yes,Solved,SOLVED (FILED-ARRESTED),RESOLVED - FILED IN COURT,,INQUEST,2025-02-17,ON-GOING TRIAL,2025-02-17,Pending,Pending,Pending,,14.522847,121.014595,1,1,,,,,,,,,,,,,,,,,,,,,
2025-03-13 22:16:30,NCRPO,SPD HQS,PS 01 Pasay City,,NATIONAL CAPITAL REGION,SOUTHERN,PASAY CITY,BARANGAY 114,PROTACIO,Residential (house/condo),2025-03-13,09:00:00,2025-02-17,February,20:00:00,(Incident) Rape,YES,Personal/Walk-in,CONSUMMATED,RAPE ,Republic Act,Section 1 Rape Offense,Statutory rape,No,,,,No,,,No,,,Lust,,No,No,Yes,No,No,Yes,Solved,SOLVED (FILED-ARRESTED),RESOLVED - FILED IN COURT,,REGULAR,2025-03-13,ON-GOING TRIAL,2025-04-15,R-PSY-25-01616-17-18-CR,Judge Jehan Sampao Hassiman,"Branch 11, Pasay City",,14.543148,121.004868,1,1,,,,,,,,,,,,,,,,,,,,,
2025-04-03 12:26:44,NCRPO,SPD HQS,PS 01 Pasay City,,NATIONAL CAPITAL REGION,SOUTHERN,PASAY CITY,BARANGAY 183,11TH,Residential (house/condo),2025-04-02,13:20:00,2025-02-19,February,15:00:00,(Incident) Rape,YES,Personal/Walk-in,CONSUMMATED,RAPE ,Crimes Against Persons,,"Force, Threat and Intimidation",No,,,,No,,,No,,,Lust,,No,No,Yes,No,Yes,No,Cleared,,UNDER PRELIMINARY INVESTIGATION,,REGULAR,2025-04-02,,2025-07-12,,,,,14.52543,121.016335,1,3,,,,,,,,,,,,,,,,,,,,,
2025-02-23 13:36:30,NCRPO,SPD HQS,PS 01 Pasay City,,NATIONAL CAPITAL REGION,SOUTHERN,PASAY CITY,BARANGAY 1,,Along the street,2025-02-23,01:00:00,2025-02-21,February,22:30:00,(Incident) Rape,YES,Personal/Walk-in,CONSUMMATED,RAPE ,Crimes Against Persons,,Deprived of Reason or Unconcious (Under the influence of Liquior),No,,,,No,,,No,,,Lust,,No,No,Yes,No,No,No,Solved,SOLVED (FILED-ARRESTED),RESOLVED - DISMISSED,Lack of Interest of Complainant,E-INQUEST,2025-02-23,,,,,,,14.558868,120.988518,1,1,,,,,,,,,,,,,,,,,,,,,
2025-02-23 23:54:32,NCRPO,SPD HQS,PS 01 Pasay City,,NATIONAL CAPITAL REGION,SOUTHERN,PASAY CITY,BARANGAY 183,NEWPORT BLVD,Along the street,2025-02-23,20:15:00,2025-02-23,February,12:30:00,(Incident) Stabbing,YES,Personal/Walk-in,CONSUMMATED,MURDER ,Crimes Against Persons,,Stabbing,No,,,,No,,,No,,,Work Related,,No,No,No,No,Yes,No,Cleared,,RESOLVED - FILED IN COURT,,E-INQUEST,2025-02-24,ON-GOING TRIAL,2025-02-24,Pending,Pending,Pending,,14.550999,120.990311,0,1,,,,,,,,,,,,,,,,,,,,,
2025-02-24 08:00:45,NCRPO,SPD HQS,PS 01 Pasay City,,NATIONAL CAPITAL REGION,SOUTHERN,PASAY CITY,BARANGAY 183,9TH,Commercial/Business Establishment,2025-02-24,02:00:00,2025-02-23,February,11:30:00,(Incident) Physical Injury,YES,,CONSUMMATED,PHYSICAL INJURIES ,Crimes Against Persons,,Mauling,No,,,,No,,,No,,,Land Dispute,,No,Yes,No,No,No,Yes,Solved,SOLVED (FILED-ARRESTED),RESOLVED - FILED IN COURT,,INQUEST,2025-02-24,ON-GOING TRIAL,2025-02-24,Pending,Pending,Pending,,14.524965,121.016373,4,5,,,,,,,,,,,,,,,,,,,,,
2025-03-06 18:26:56,NCRPO,SPD HQS,PS 01 Pasay City,,NATIONAL CAPITAL REGION,SOUTHERN,PASAY CITY,BARANGAY 170,V. CRUZ,Residential (house/condo),2025-03-06,15:00:00,2025-02-24,February,18:00:00,(Incident) Rape,YES,,CONSUMMATED,RAPE ,Republic Act,Section 1 Rape Offense,Statutory rape,No,,,,No,,,No,,,Lust,,No,No,Yes,No,Yes,No,Cleared,,UNDER PRELIMINARY INVESTIGATION,,REGULAR,2025-03-06,,,,,,,14.53702,121.011551,1,1,,,,,,,,,,,,,,,,,,,,,
2025-02-27 18:08:05,NCRPO,SPD HQS,PS 01 Pasay City,,NATIONAL CAPITAL REGION,SOUTHERN,PASAY CITY,BARANGAY 183,10TH,Residential (house/condo),2025-02-27,07:00:00,2025-02-26,February,23:00:00,(Incident) Theft,YES,,CONSUMMATED,THEFT  ,Crimes Against Property,,Taken without owner's consent (TWOC),No,,,No,No,,,No,,,Personal Gain,,No,No,Yes,No,No,Yes,Solved,SOLVED (FILED-ARRESTED),RESOLVED - FILED IN COURT,,INQUEST,2025-02-27,ON-GOING TRIAL,2025-02-27,Pending,Pending,Pending,,14.528084,121.015915,1,1,,,,,,,,,,,,,,,,,,,,,
2025-02-27 18:35:54,NCRPO,SPD HQS,PS 01 Pasay City,,NATIONAL CAPITAL REGION,SOUTHERN,PASAY CITY,BARANGAY 76,DERHAM,Commercial/Business Establishment,2025-02-27,07:40:00,2025-02-26,February,23:20:00,(Incident) Theft,YES,Personal/Walk-in,CONSUMMATED,THEFT  ,Crimes Against Property,,Taken without owner's consent (TWOC),No,,,No,No,,,No,,,Personal Gain,,No,No,Yes,No,No,Yes,Solved,SOLVED (FILED-ARRESTED),RESOLVED - FILED IN COURT,,INQUEST,2025-02-27,ON-GOING TRIAL,2025-02-27,Pending,Pending,Pending,,14.53486,120.981834,1,3,,,,,,,,,,,,,,,,,,,,,
2025-03-06 17:29:54,NCRPO,SPD HQS,PS 01 Pasay City,,NATIONAL CAPITAL REGION,SOUTHERN,PASAY CITY,BARANGAY 81,"\""PARK AVE, \""",Residential (house/condo),2025-03-06,08:30:00,2025-03-01,March,11:00:00,(Incident) Robbery,YES,,CONSUMMATED,ROBBERY ,Crimes Against Property,,Extortion,No,,,No,No,,,No,,,Personal Gain,,No,No,Yes,No,Yes,No,Cleared,,RESOLVED - FILED IN COURT,,INQUEST,2025-03-06,ON-GOING TRIAL,2025-03-06,Pending,Pending,Pending,,14.540261,120.998352,1,2,,,,,,,,,,,,,,,,,,,,,
2025-03-06 17:29:54,NCRPO,SPD HQS,PS 01 Pasay City,,NATIONAL CAPITAL REGION,SOUTHERN,PASAY CITY,BARANGAY 81,"\""PARK AVE, \""",Residential (house/condo),2025-03-06,08:30:00,2025-03-01,March,11:00:00,(Incident) Robbery,YES,,CONSUMMATED,CARNAPPING,Republic Act,,Forcibly Taken (FT),No,,,No,No,,,No,,,Personal Gain,,No,No,Yes,No,Yes,No,Cleared,,RESOLVED - FILED IN COURT,,INQUEST,2025-03-06,ON-GOING TRIAL,2025-03-06,Pending,Pending,Pending,,14.540261,120.998352,1,2,,,,,,,,,,,,,,,,,,,,,
2025-03-05 02:31:53,NCRPO,SPD HQS,PS 01 Pasay City,,NATIONAL CAPITAL REGION,SOUTHERN,PASAY CITY,BARANGAY 76,ROXAS BLVD,Along the street,2025-03-05,08:00:00,2025-03-05,March,18:00:00,(Incident) Theft,YES,,CONSUMMATED,THEFT  ,Crimes Against Property,,Salisi (Cellphone/Laptop),No,,,No,No,,,No,,,Personal Gain,,No,No,Yes,No,No,Yes,Solved,SOLVED (FILED-ARRESTED),RESOLVED - FILED IN COURT,,INQUEST,2025-03-04,ON-GOING TRIAL,2025-03-04,Pending,Pending,Pending,,14.537059,120.993546,1,1,,,,,,,,,,,,,,,,,,,,,
2025-05-01 18:05:01,NCRPO,SPD HQS,PS 01 Pasay City,,NATIONAL CAPITAL REGION,SOUTHERN,PASAY CITY,BARANGAY 144,RODRIGUEZ EXTN,Residential (house/condo),2025-05-01,15:00:00,2025-03-05,March,21:00:00,(Incident) Rape,YES,,CONSUMMATED,RAPE ,Republic Act,Section 1 Rape Offense,Statutory rape,No,,,,No,,,No,,,Lust,,No,No,Yes,No,Yes,No,Cleared,,UNDER PRELIMINARY INVESTIGATION,,E-INQUEST,2025-04-30,,2025-07-10,,,,,14.539492,121.008865,1,1,,,,,,,,,,,,,,,,,,,,,
2025-03-09 23:06:24,NCRPO,SPD HQS,PS 01 Pasay City,,NATIONAL CAPITAL REGION,SOUTHERN,PASAY CITY,BARANGAY 147,,Along the street,2025-03-09,19:30:00,2025-03-09,March,18:30:00,(Incident) Theft,YES,Personal/Walk-in,CONSUMMATED,THEFT  ,Crimes Against Property,,Salisi (akyat bahay),No,,,No,No,,,No,,,Personal Gain,,No,No,Yes,No,No,Yes,Solved,SOLVED (FILED-ARRESTED),RESOLVED - FILED IN COURT,,E-INQUEST,2025-03-10,ON-GOING TRIAL,2025-03-10,Pending,Pending,Pending,,14.550999,120.990311,1,2,,,,,,,,,,,,,,,,,,,,,
2025-03-15 08:17:50,NCRPO,SPD HQS,PS 01 Pasay City,,NATIONAL CAPITAL REGION,SOUTHERN,PASAY CITY,BARANGAY 76,ROXAS BLVD,Commercial/Business Establishment,2025-03-14,19:10:00,2025-03-14,March,00:27:00,(Incident) Physical Injury,YES,,CONSUMMATED,PHYSICAL INJURIES ,Crimes Against Persons,,Mauling,No,,,,No,,,No,,,Heated Argument/Misunderstanding,,No,Yes,No,No,No,Yes,Solved,SOLVED (FILED-ARRESTED),RESOLVED - FILED IN COURT,,INQUEST,2025-03-14,ON-GOING TRIAL,2025-03-14,Pending,Pending,Pending,,14.531175,120.986282,1,1,,,,,,,,,,,,,,,,,,,,,
2025-03-18 11:59:14,NCRPO,SPD HQS,PS 01 Pasay City,,NATIONAL CAPITAL REGION,SOUTHERN,PASAY CITY,BARANGAY 150,AURORA BLVD,Commercial/Business Establishment,2025-03-17,15:00:00,2025-03-17,March,10:45:00,(Incident) Rape,YES,,CONSUMMATED,RAPE ,Republic Act,Section 1 Rape Offense,Statutory rape,No,,,,No,,,No,,,Lust,,No,No,Yes,No,No,Yes,Solved,SOLVED (FILED-ARRESTED),UNDER PRELIMINARY INVESTIGATION,,E-INQUEST,2025-03-18,,,,,,,14.53755,121.003448,1,1,,,,,,,,,,,,,,,,,,,,,
2025-03-22 03:01:27,NCRPO,SPD HQS,PS 01 Pasay City,,NATIONAL CAPITAL REGION,SOUTHERN,PASAY CITY,BARANGAY 168,C. DE GUZMAN,Along the street,2025-03-21,23:45:00,2025-03-21,March,21:00:00,(Incident) Theft,YES,,CONSUMMATED,THEFT  ,Crimes Against Property,,Taken without owner's consent (TWOC),No,,,No,No,,,No,,,Personal Gain,,No,No,Yes,No,No,Yes,Solved,SOLVED (FILED-ARRESTED),RESOLVED - FILED IN COURT,,INQUEST,2025-03-21,ON-GOING TRIAL,2025-03-21,Pending,Pending,Pending,,14.531978,121.008698,1,2,,,,,,,,,,,,,,,,,,,,,
2025-03-28 04:52:46,NCRPO,SPD HQS,PS 01 Pasay City,,NATIONAL CAPITAL REGION,SOUTHERN,PASAY CITY,BARANGAY 179,ST. PETER,Residential (house/condo),2025-03-28,00:30:00,2025-03-27,March,21:55:00,(Incident) Theft,YES,Personal/Walk-in,CONSUMMATED,THEFT  ,Crimes Against Property,,Taken without owner's consent (TWOC),No,,,No,No,,,No,,,Personal Gain,,No,No,Yes,No,No,Yes,Solved,SOLVED (FILED-ARRESTED),RESOLVED - FILED IN COURT,,INQUEST,2025-03-28,ON-GOING TRIAL,2025-03-28,Pending,Pending,Pending,,14.53048,121.008728,1,1,,,,,,,,,,,,,,,,,,,,,
2025-04-11 00:09:08,NCRPO,SPD HQS,PS 01 Pasay City,,NATIONAL CAPITAL REGION,SOUTHERN,PASAY CITY,BARANGAY 76,ROXAS BLVD,Commercial/Business Establishment,2025-04-10,16:00:00,2025-03-29,March,16:00:00,(Incident) Theft,YES,Police Initiated Operation,CONSUMMATED,THEFT  ,Crimes Against Property,,Taken without owner's consent (TWOC),No,,,No,No,,,No,,,Personal Gain,,No,No,Yes,No,No,Yes,Cleared,,RESOLVED - FILED IN COURT,,INQUEST,2025-04-10,ON-GOING TRIAL,2025-04-10,Pending,Pending,Pending,,14.546235,120.986786,1,1,,,,,,,,,,,,,,,,,,,,,
2025-03-30 23:52:30,NCRPO,SPD HQS,PS 01 Pasay City,,NATIONAL CAPITAL REGION,SOUTHERN,PASAY CITY,BARANGAY 14,MAGINHAWA,Along the street,2025-03-30,20:30:00,2025-03-30,March,19:30:00,(Incident) Theft,YES,Phone Call - Local Hotline,CONSUMMATED,THEFT  ,Crimes Against Property,,Salisi (park),No,,,No,No,,,No,,,Personal Gain,,No,No,Yes,No,No,Yes,Solved,SOLVED (FILED-ARRESTED),UNDER PRELIMINARY INVESTIGATION,,E-INQUEST,2025-03-31,,,,,,,14.550999,120.990311,1,1,,,,,,,,,,,,,,,,,,,,,
2025-04-15 09:10:12,NCRPO,SPD HQS,PS 01 Pasay City,,NATIONAL CAPITAL REGION,SOUTHERN,PASAY CITY,BARANGAY 162,,Residential (house/condo),2025-04-14,11:45:00,2025-03-31,March,20:00:00,(Incident) Rape,YES,,CONSUMMATED,RAPE ,Crimes Against Persons,,Deprived of Reason or Unconcious (Under the influence of Liquior),No,,,,No,,,No,,,Lust,,No,No,Yes,No,Yes,No,Cleared,,UNDER PRELIMINARY INVESTIGATION,,REGULAR,2025-04-14,,,,,,,14.534037,121.008064,1,1,,,,,,,,,,,,,,,,,,,,,
2025-04-07 10:51:07,NCRPO,SPD HQS,PS 01 Pasay City,,NATIONAL CAPITAL REGION,SOUTHERN,PASAY CITY,BARANGAY 76,ROXAS BLVD,Commercial/Business Establishment,2025-04-06,23:30:00,2025-04-06,April,20:35:00,(Incident) Robbery,YES,Personal/Walk-in,CONSUMMATED,ROBBERY ,Crimes Against Property,,Bag/Purse Snatching,No,,,Yes,No,,,No,,,To be Determined,,No,No,No,No,Yes,No,Cleared,,RESOLVED - FILED IN COURT,,REGULAR,2025-04-10,ON-GOING TRIAL,2025-05-27,pending,pending,pending,,14.550999,120.990311,1,2,,,,,,,,,,,,,,,,,,,,,
2025-06-18 23:09:07,NCRPO,SPD HQS,PS 01 Pasay City,,NATIONAL CAPITAL REGION,SOUTHERN,PASAY CITY,BARANGAY 95,ARNAIZ AVE,Commercial/Business Establishment,2025-06-18,00:01:00,2025-04-08,April,08:00:00,(Incident) Theft,YES,,CONSUMMATED,THEFT  ,Crimes Against Property,,Committed by an employee (commercial/store/shop),No,,,No,No,,,No,,,Personal Gain,,No,No,Yes,No,Yes,No,Solved,SOLVED (FILED-ARRESTED),RESOLVED - FILED IN COURT,,INQUEST,2025-06-18,ON-GOING TRIAL,2025-06-18,Pending,Pending,Pending,,14.547665,120.999924,1,1,,,,,,,,,,,,,,,,,,,,,
2025-04-26 03:25:31,NCRPO,SPD HQS,PS 01 Pasay City,,NATIONAL CAPITAL REGION,SOUTHERN,PASAY CITY,BARANGAY 76,Seaside Boulevard MOA Complex,Along the street,2025-04-25,21:30:00,2025-04-09,April,21:30:00,(Incident) Robbery,YES,,CONSUMMATED,ROBBERY ,Crimes Against Property,,Hold-up w/ gun,No,,,No,No,,,No,,,Personal Gain,,No,No,Yes,No,Yes,Yes,Cleared,,,,,,ON-GOING TRIAL,2025-04-21,XV-13-INV-25-D-00815,SACP Ricardo S. Guinto,Pending,,14.536906,120.979179,1,2,,,,,,,,,,,,,,,,,,,,,
2025-04-09 15:03:07,NCRPO,SPD HQS,PS 01 Pasay City,,NATIONAL CAPITAL REGION,SOUTHERN,PASAY CITY,BARANGAY 190,,Along the street,2025-04-09,07:00:00,2025-04-09,April,04:10:00,(Incident) Shooting,YES,Personal/Walk-in,CONSUMMATED,MURDER ,Crimes Against Persons,,Shooting,No,,,No,No,,,No,,,Drug Related,,No,Yes,No,No,Yes,No,Cleared,,,,,,ON-GOING TRIAL,2025-04-14,XV-13-INV-25-D-00781,PENDING,PENDING,,14.534123,120.999451,2,2,,,,",",UNKNOWN,IMPROVISED FIREARM,UNKNOWN,Loose Firearms,,,,,,,,,,,,,
2025-04-10 13:19:41,NCRPO,SPD HQS,PS 01 Pasay City,,NATIONAL CAPITAL REGION,SOUTHERN,PASAY CITY,BARANGAY 147,,Commercial/Business Establishment,2025-04-10,04:15:00,2025-04-10,April,01:30:00,(Incident) Theft,YES,,CONSUMMATED,THEFT  ,Crimes Against Property,,Committed by an employee (commercial/store/shop),No,,,No,No,,,No,,,Personal Gain,,No,No,Yes,No,No,Yes,Solved,SOLVED (FILED-ARRESTED),RESOLVED - FILED IN COURT,,INQUEST,2025-04-10,ON-GOING TRIAL,2025-04-10,Pending,Pending,Pending,,14.537415,121.002617,1,1,,,,,,,,,,,,,,,,,,,,,
2025-04-15 12:11:58,NCRPO,SPD HQS,PS 01 Pasay City,,NATIONAL CAPITAL REGION,SOUTHERN,PASAY CITY,BARANGAY 76,ROXAS BLVD,Commercial/Business Establishment,2025-04-15,05:00:00,2025-04-14,April,17:00:00,(Incident) Theft,YES,,CONSUMMATED,THEFT  ,Crimes Against Property,,Committed by an employee (commercial/store/shop),No,,,No,No,,,No,,,Personal Gain,,No,No,Yes,No,No,Yes,Solved,SOLVED (FILED-ARRESTED),RESOLVED - FILED IN COURT,,INQUEST,2025-04-15,ON-GOING TRIAL,2025-04-15,Pending,Pending,Pending,,14.540894,120.992638,1,1,,,,,,,,,,,,,,,,,,,,,
2025-05-02 08:48:29,NCRPO,SPD HQS,PS 01 Pasay City,,NATIONAL CAPITAL REGION,SOUTHERN,PASAY CITY,BARANGAY 46,TRAMO,Residential (house/condo),2025-05-01,16:00:00,2025-04-14,April,02:30:00,(Incident) Rape,YES,Personal/Walk-in,CONSUMMATED,RAPE ,Republic Act,Section 1 Rape Offense,Statutory rape,No,,,,No,,,No,,,Lust,,No,No,Yes,No,Yes,No,Cleared,,UNDER PRELIMINARY INVESTIGATION,,REGULAR,2025-05-02,,2025-05-25,,,,,14.559223,120.998764,1,2,,,,,,,,,,,,,,,,,,,,,
2025-04-19 00:24:35,NCRPO,SPD HQS,PS 01 Pasay City,,NATIONAL CAPITAL REGION,SOUTHERN,PASAY CITY,BARANGAY 76,ROXAS BLVD,"Transportation Terminals (Tricycle, Jeep, FX, Bus, Train Station)",2025-04-18,19:55:00,2025-04-18,April,19:00:00,(Incident) Theft,YES,,CONSUMMATED,THEFT  ,Crimes Against Property,,Cable/electric meter,No,,,No,No,,,No,,,Personal Gain,,No,No,Yes,No,No,Yes,Solved,SOLVED (FILED-ARRESTED),RESOLVED - FILED IN COURT,,INQUEST,2025-04-18,ON-GOING TRIAL,2025-04-18,Pending,Pending,Pending,,14.536771,120.983513,1,1,,,,,,,,,,,,,,,,,,,,,
2025-04-29 11:14:59,NCRPO,SPD HQS,PS 01 Pasay City,,NATIONAL CAPITAL REGION,SOUTHERN,PASAY CITY,BARANGAY 184,CAMPOPOT,Residential (house/condo),2025-04-28,14:00:00,2025-04-21,April,22:00:00,(Incident) Rape,YES,,CONSUMMATED,RAPE ,Republic Act,,Deprived of Reason or Unconcious (Under the influence of Liquior),No,,,,No,,,No,,,Lust,,No,No,Yes,No,Yes,No,Cleared,,UNDER PRELIMINARY INVESTIGATION,,REGULAR,2025-04-28,,,,,,,14.529205,121.01001,1,1,,,,,,,,,,,,,,,,,,,,,
2025-04-24 22:45:01,NCRPO,SPD HQS,PS 01 Pasay City,,NATIONAL CAPITAL REGION,SOUTHERN,PASAY CITY,BARANGAY 144,RODRIGUEZ EXTN,Residential (house/condo),2025-04-24,16:19:00,2025-04-23,April,21:45:00,(Incident) Rape,YES,,CONSUMMATED,RAPE ,Republic Act,Section 1 Rape Offense,Statutory rape,No,,,,No,,,No,,,Lust,,No,No,Yes,No,No,Yes,Solved,SOLVED (FILED-ARRESTED),RESOLVED - FILED IN COURT,,E-INQUEST,2025-04-24,ON-GOING TRIAL,2025-05-06,R-PSY-25-01049-CR,Judge Jehan Sampao-Hassiman,"Branch 11, Pasay City",,14.539264,121.008812,1,1,,,,,,,,,,,,,,,,,,,,,
2025-05-03 07:47:23,NCRPO,SPD HQS,PS 01 Pasay City,,NATIONAL CAPITAL REGION,SOUTHERN,PASAY CITY,BARANGAY 178,AURORA BLVD (178-186),"Abandoned Structure (house, bldg, apartment/cond)",2025-05-02,13:30:00,2025-04-24,April,20:00:00,(Incident) Rape,YES,,CONSUMMATED,RAPE ,Republic Act,Section 1 Rape Offense,Statutory rape,No,,,,No,,,No,,,Lust,,No,No,Yes,No,Yes,No,Cleared,,UNDER PRELIMINARY INVESTIGATION,,REGULAR,2025-05-02,,2025-05-25,,,,,14.529992,121.004944,1,1,,,,,,,,,,,,,,,,,,,,,
2025-05-03 08:02:21,NCRPO,SPD HQS,PS 01 Pasay City,,NATIONAL CAPITAL REGION,SOUTHERN,PASAY CITY,BARANGAY 178,AURORA BLVD (178-186),"Abandoned Structure (house, bldg, apartment/cond)",2025-05-02,15:33:00,2025-04-24,April,20:30:00,(Incident) Rape,YES,Personal/Walk-in,CONSUMMATED,RAPE ,Republic Act,,Deprived of Reason or Unconcious (Under the influence of Liquior),No,,,,No,,,No,,,Lust,,No,No,Yes,No,Yes,No,Cleared,,RESOLVED - FILED IN COURT,,REGULAR,2025-05-02,ON-GOING TRIAL,2025-08-27,R-PSY-25-01735-CR,Judge Christian P Castañeda,"Branch 109, Pasay City",,14.528593,121.005081,1,1,,,,,,,,,,,,,,,,,,,,,
2025-06-11 22:39:56,NCRPO,SPD HQS,PS 01 Pasay City,,NATIONAL CAPITAL REGION,SOUTHERN,PASAY CITY,BARANGAY 44,,Residential (house/condo),2025-06-10,23:30:00,2025-04-25,April,22:00:00,(Incident) Rape,YES,,CONSUMMATED,RAPE ,Republic Act,Section 1 Rape Offense,Statutory rape,No,,,,No,,,No,,,Lust,,No,No,Yes,No,Yes,No,Cleared,,UNDER PRELIMINARY INVESTIGATION,,REGULAR,2025-06-10,,2025-07-13,,,,,14.556959,120.99752,1,1,,,,,,,,,,,,,,,,,,,,,
2025-04-27 23:29:48,NCRPO,SPD HQS,PS 01 Pasay City,,NATIONAL CAPITAL REGION,SOUTHERN,PASAY CITY,BARANGAY 183,NEWPORT BLVD,Along the street,2025-04-27,03:44:00,2025-04-25,April,22:00:00,(Incident) Stabbing,YES,Personal/Walk-in,CONSUMMATED,MURDER ,Crimes Against Persons,,Stabbing,No,,,,No,,,No,,,To be Determined,,No,No,No,No,No,Yes,Solved,SOLVED (FILED-ARRESTED),RESOLVED - FILED IN COURT,,INQUEST,2025-04-27,ARRAIGNMENT,2025-04-27,Pending,Pending,Pending,,14.550999,120.990311,1,1,,,,,,,,,,,,,,,,,,,,,
2025-06-17 18:13:16,NCRPO,SPD HQS,PS 01 Pasay City,,NATIONAL CAPITAL REGION,SOUTHERN,PASAY CITY,BARANGAY 35,,Hospital (Gov't/Private),2025-06-17,14:00:00,2025-04-27,April,09:00:00,(Incident) Rape,YES,,CONSUMMATED,RAPE ,Crimes Against Persons,,"Force, Threat and Intimidation",No,,,,No,,,No,,,Lust,,No,No,Yes,No,Yes,No,Cleared,,UNDER PRELIMINARY INVESTIGATION,,REGULAR,2025-06-17,,2025-06-17,,,,,14.555796,120.995277,1,1,,,,,,,,,,,,,,,,,,,,,
2025-05-29 08:21:18,NCRPO,SPD HQS,PS 01 Pasay City,,NATIONAL CAPITAL REGION,SOUTHERN,PASAY CITY,BARANGAY 188,11,Residential (house/condo),2025-05-28,15:30:00,2025-05-02,May,03:00:00,(Incident) Rape,YES,,CONSUMMATED,RAPE ,Republic Act,Section 1 Rape Offense,Statutory rape,No,,,,No,,,No,,,Lust,,No,No,Yes,No,Yes,No,Cleared,,UNDER PRELIMINARY INVESTIGATION,,REGULAR,2025-05-28,,,,,,,14.531776,121.001579,1,1,,,,,,,,,,,,,,,,,,,,,
2025-10-10 01:38:43,NCRPO,SPD HQS,PS 01 Pasay City,,NATIONAL CAPITAL REGION,SOUTHERN,PASAY CITY,BARANGAY 166,APELO CRUZ EXTN,Along the street,2025-10-09,21:10:00,2025-05-02,May,16:50:00,(Incident) Theft,YES,Police Initiated Operation,CONSUMMATED,THEFT  ,Crimes Against Property,,Taken without owner's consent (TWOC),No,,,No,No,,,No,,,Personal Gain,,No,No,Yes,No,Yes,No,Cleared,,RESOLVED - FILED IN COURT,,REGULAR,2025-10-22,ARRAIGNMENT,2025-10-09,Pending,Pending,Pending,,14.536563,121.006744,1,1,,,,,,,,,,,,,,,,,,,,,
2025-05-06 04:06:58,NCRPO,SPD HQS,PS 01 Pasay City,,NATIONAL CAPITAL REGION,SOUTHERN,PASAY CITY,BARANGAY 183,16TH,Along the street,2025-05-05,05:45:00,2025-05-04,May,20:30:00,(Incident) Theft,YES,,CONSUMMATED,THEFT  ,Crimes Against Property,,Salisi (Cellphone/Laptop),No,,,No,No,,,No,,,Personal Gain,,No,No,Yes,No,No,Yes,Solved,SOLVED (FILED-ARRESTED),RESOLVED - FILED IN COURT,,INQUEST,2025-05-05,PRE-TRIAL,2025-05-05,Pending,Pending,Pending,,14.530218,121.01284,1,2,,,,,,,,,,,,,,,,,,,,,
2025-05-10 22:11:38,NCRPO,SPD HQS,PS 01 Pasay City,,NATIONAL CAPITAL REGION,SOUTHERN,PASAY CITY,BARANGAY 76,FB HARRISON,Along the street,2025-05-10,06:00:00,2025-05-09,May,23:50:00,(Incident) Theft,YES,,CONSUMMATED,THEFT  ,Crimes Against Property,,Salisi,No,,,No,No,,,No,,,Personal Gain,,No,No,No,No,No,Yes,Solved,SOLVED (FILED-ARRESTED),UNDER PRELIMINARY INVESTIGATION,,E-INQUEST,2025-05-11,,,,,,,14.550999,120.990311,0,3,,,,,,,,,,,,,,,,,,,,,
2025-05-16 22:48:09,NCRPO,SPD HQS,PS 01 Pasay City,,NATIONAL CAPITAL REGION,SOUTHERN,PASAY CITY,BARANGAY 27,,Along the street,2025-05-16,17:35:00,2025-05-15,May,17:30:00,(Incident) Theft,YES,,CONSUMMATED,THEFT  ,Crimes Against Property,,Committed by an employee (commercial/store/shop),No,,,No,No,,,No,,,Personal Gain,,No,No,Yes,No,No,Yes,Solved,SOLVED (FILED-ARRESTED),RESOLVED - FILED IN COURT,,INQUEST,2025-05-16,ON-GOING TRIAL,2025-05-16,Pending,Pending,Pending,,14.547374,120.993729,1,1,,,,,,,,,,,,,,,,,,,,,
2025-05-21 22:47:33,NCRPO,SPD HQS,PS 01 Pasay City,,NATIONAL CAPITAL REGION,SOUTHERN,PASAY CITY,BARANGAY 75,P. CELLE,Commercial/Business Establishment,2025-05-21,15:30:00,2025-05-21,May,03:30:00,(Incident) Theft,YES,,CONSUMMATED,THEFT  ,Crimes Against Property,,Committed by an employee (commercial/store/shop),No,,,No,No,,,No,,,Personal Gain,,No,No,Yes,No,No,No,Solved,SOLVED (FILED-ARRESTED),RESOLVED - DISMISSED,Lack of Interest of Complainant,INQUEST,2025-05-21,,,,,,,14.537122,120.996231,1,1,,,,,,,,,,,,,,,,,,,,,
2025-06-02 13:10:09,NCRPO,SPD HQS,PS 01 Pasay City,,NATIONAL CAPITAL REGION,SOUTHERN,PASAY CITY,BARANGAY 76,Shore 2 Tower 2 along Seaside Blvd ,Residential (house/condo),2025-06-02,04:00:00,2025-05-23,May,08:00:00,(Incident) Rape,YES,,CONSUMMATED,RAPE ,Republic Act,Section 1 Rape Offense,Statutory rape,No,,,,No,,,No,,,Lust,,No,No,Yes,No,Yes,No,Cleared,,UNDER PRELIMINARY INVESTIGATION,,REGULAR,2025-06-02,,2025-06-02,,,,,14.541133,120.986206,1,1,,,,,,,,,,,,,,,,,,,,,
2025-06-03 01:52:50,NCRPO,SPD HQS,PS 01 Pasay City,,NATIONAL CAPITAL REGION,SOUTHERN,PASAY CITY,BARANGAY 33,TAFT AVE.,Commercial/Business Establishment,2025-06-02,21:00:00,2025-06-01,June,18:40:00,(Incident) Theft,YES,,CONSUMMATED,THEFT  ,Crimes Against Property,,Salisi (Cellphone/Laptop),No,,,No,No,,,No,,,Personal Gain,,No,No,Yes,No,No,Yes,Solved,SOLVED (FILED-ARRESTED),RESOLVED - FILED IN COURT,,INQUEST,2025-06-02,ON-GOING TRIAL,2025-06-02,Pending,Pending,Pending,,14.557749,120.993645,1,1,,,,,,,,,,,,,,,,,,,,,
2025-06-04 08:01:18,NCRPO,SPD HQS,PS 01 Pasay City,,NATIONAL CAPITAL REGION,SOUTHERN,PASAY CITY,BARANGAY 76,ROXAS BLVD,Along the street,2025-06-03,22:30:00,2025-06-03,June,20:55:00,(Incident) Carnapping/Motornapping,YES,Personal/Walk-in,CONSUMMATED,MOTORNAPPING,Republic Act,,Forcibly Taken (FT),No,,,No,No,,,No,,,Personal Gain,,No,No,No,No,No,Yes,Solved,SOLVED (FILED-ARRESTED),UNDER PRELIMINARY INVESTIGATION,,E-INQUEST,2025-06-04,,,,,,,14.550999,120.990311,0,2,,,,,,,,,,,,,,,,,,,,,
2025-06-18 01:03:30,NCRPO,SPD HQS,PS 01 Pasay City,,NATIONAL CAPITAL REGION,SOUTHERN,PASAY CITY,BARANGAY 76,ROXAS BLVD,Commercial/Business Establishment,2025-06-17,08:15:00,2025-06-04,June,22:00:00,(Incident) Theft,YES,,CONSUMMATED,THEFT  ,Crimes Against Property,,Committed by an employee (commercial/store/shop),No,,,No,No,,,No,,,Personal Gain,,No,No,Yes,No,No,Yes,Solved,SOLVED (FILED-ARRESTED),RESOLVED - FILED IN COURT,,INQUEST,2025-06-17,ON-GOING TRIAL,2025-06-17,Pending,Pending,Pending,,14.53486,120.981873,1,2,,,,,,,,,,,,,,,,,,,,,
2025-06-07 22:19:36,NCRPO,SPD HQS,PS 01 Pasay City,,NATIONAL CAPITAL REGION,SOUTHERN,PASAY CITY,BARANGAY 98,EDSA AVE,Along the street,2025-06-07,02:15:00,2025-06-07,June,00:55:00,(Incident) Physical Injury,YES,,CONSUMMATED,PHYSICAL INJURIES ,Crimes Against Persons,,Punching,No,,,,No,,,No,,,Heated Argument/Misunderstanding,,No,No,Yes,No,No,Yes,Solved,SOLVED (FILED-ARRESTED),UNDER PRELIMINARY INVESTIGATION,,E-INQUEST,2025-06-07,,,,,,,14.550999,120.990311,1,1,,,,,,,,,,,,,,,,,,,,,
2025-06-08 21:32:27,NCRPO,SPD HQS,PS 01 Pasay City,,NATIONAL CAPITAL REGION,SOUTHERN,PASAY CITY,BARANGAY 146,,Along the street,2025-06-08,01:40:00,2025-06-07,June,23:00:00,(Incident) Theft,YES,,CONSUMMATED,THEFT  ,Crimes Against Property,,Bundol,No,,,No,No,,,No,,,Personal Gain,,No,No,Yes,No,No,Yes,Solved,SOLVED (FILED-ARRESTED),UNDER PRELIMINARY INVESTIGATION,,E-INQUEST,2025-06-08,,,,,,,14.550999,120.990311,1,1,,,,,,,,,,,,,,,,,,,,,
2025-06-09 10:08:38,NCRPO,SPD HQS,PS 01 Pasay City,,NATIONAL CAPITAL REGION,SOUTHERN,PASAY CITY,BARANGAY 183,14TH,Along the street,2025-06-08,11:30:00,2025-06-08,June,20:30:00,(Incident) Carnapping/Motornapping,YES,,CONSUMMATED,MOTORNAPPING,Republic Act,,Stolen While Parked Unattended (SWPU),No,,,No,No,,,No,,,Personal Gain,,No,No,Yes,No,No,Yes,Solved,SOLVED (FILED-ARRESTED),RESOLVED - FILED IN COURT,,INQUEST,2025-06-08,ON-GOING TRIAL,2025-06-08,Pending,Pending,Pending,,14.527445,121.012894,1,1,,,,,,,,,,,,,,,,,,,,,
2025-06-14 00:13:10,NCRPO,SPD HQS,PS 01 Pasay City,,NATIONAL CAPITAL REGION,SOUTHERN,PASAY CITY,BARANGAY 146,,Commercial/Business Establishment,2025-06-13,19:45:00,2025-06-13,June,09:30:00,(Incident) Theft,YES,,CONSUMMATED,THEFT  ,Crimes Against Property,,Bag Snatching,No,,,No,No,,,No,,,Personal Gain,,No,No,Yes,No,No,Yes,Solved,SOLVED (FILED-ARRESTED),RESOLVED - FILED IN COURT,,INQUEST,2025-06-13,ON-GOING TRIAL,2025-06-13,Pending,Pending,Pending,,14.536849,121.000595,1,1,,,,,,,,,,,,,,,,,,,,,
2025-06-14 23:35:46,NCRPO,SPD HQS,PS 01 Pasay City,,NATIONAL CAPITAL REGION,SOUTHERN,PASAY CITY,BARANGAY 180,,Along the street,2025-06-14,19:40:00,2025-06-14,June,14:15:00,(Incident) Theft,YES,,CONSUMMATED,THEFT  ,Crimes Against Property,,Bag Snatching,No,,,No,No,,,No,,,Personal Gain,,No,No,Yes,No,No,Yes,Solved,SOLVED (FILED-ARRESTED),RESOLVED - FILED IN COURT,,E-INQUEST,2025-06-14,ON-GOING TRIAL,2025-06-14,pending,pending,pending,,14.550999,120.990311,1,1,,,,,,,,,,,,,,,,,,,,,
2025-06-20 00:15:57,NCRPO,SPD HQS,PS 01 Pasay City,,NATIONAL CAPITAL REGION,SOUTHERN,PASAY CITY,BARANGAY 76,ROXAS BLVD,Commercial/Business Establishment,2025-06-19,10:45:00,2025-06-18,June,00:42:00,(Incident) Theft,YES,,CONSUMMATED,THEFT  ,Crimes Against Property,,Shoplifting,No,,,No,No,,,No,,,Personal Gain,,No,No,Yes,No,No,Yes,Solved,SOLVED (FILED-ARRESTED),RESOLVED - FILED IN COURT,,INQUEST,2025-06-19,ON-GOING TRIAL,2025-06-19,Pending,Pending,Pending,,14.53486,120.981918,1,1,,,,,,,,,,,,,,,,,,,,,
2025-07-01 21:07:02,NCRPO,SPD HQS,PS 01 Pasay City,,NATIONAL CAPITAL REGION,SOUTHERN,PASAY CITY,BARANGAY 178,ST. FRANCIS (178-179),Residential (house/condo),2025-07-01,14:00:00,2025-06-25,June,20:00:00,(Incident) Rape,YES,,CONSUMMATED,RAPE ,Republic Act,,"Force, Threat and Intimidation",No,,,,No,,,No,,,Lust,,No,No,Yes,No,Yes,No,Cleared,,UNDER PRELIMINARY INVESTIGATION,,REGULAR,2025-07-01,,2025-07-07,,,,,14.530218,121.006187,1,1,,,,,,,,,,,,,,,,,,,,,
2025-07-01 10:50:30,NCRPO,SPD HQS,PS 01 Pasay City,,NATIONAL CAPITAL REGION,SOUTHERN,PASAY CITY,BARANGAY 76,ROXAS BLVD,Commercial/Business Establishment,2025-07-01,03:30:00,2025-07-01,July,03:10:00,(Incident) Theft,YES,,CONSUMMATED,THEFT  ,Crimes Against Property,,Committed by an employee (commercial/store/shop),No,,,No,No,,,No,,,Personal Gain,,No,No,No,No,No,Yes,Solved,SOLVED (FILED-ARRESTED),RESOLVED - FILED IN COURT,,E-INQUEST,2025-07-01,ON-GOING TRIAL,2025-07-01,Pending,PENDING,Pending,,14.550999,120.990311,0,1,,,,,,,,,,,,,,,,,,,,,
2025-07-01 23:11:48,NCRPO,SPD HQS,PS 01 Pasay City,,NATIONAL CAPITAL REGION,SOUTHERN,PASAY CITY,BARANGAY 76,ROXAS BLVD,Residential (house/condo),2025-07-01,17:25:00,2025-07-01,July,10:30:00,(Incident) Theft,YES,,CONSUMMATED,THEFT  ,Crimes Against Property,,Cable/electric meter,No,,,No,No,,,No,,,Personal Gain,,No,No,No,No,No,Yes,Solved,SOLVED (FILED-ARRESTED),RESOLVED - FILED IN COURT,,E-INQUEST,2025-07-01,ON-GOING TRIAL,2025-07-01,pending,pending,pending,,14.546949,120.991188,0,1,,,,,,,,,,,,,,,,,,,,,
2025-07-01 23:18:29,NCRPO,SPD HQS,PS 01 Pasay City,,NATIONAL CAPITAL REGION,SOUTHERN,PASAY CITY,BARANGAY 186,ST. JOAN (MAIN ST.),Commercial/Business Establishment,2025-07-01,19:10:00,2025-07-01,July,09:25:00,(Incident) Theft,YES,,CONSUMMATED,THEFT  ,Crimes Against Property,,Salisi (akyat bahay),No,,,No,No,,,No,,,Personal Gain,,No,No,Yes,No,No,Yes,Solved,SOLVED (FILED-ARRESTED),RESOLVED - FILED IN COURT,,E-INQUEST,2025-07-01,ON-GOING TRIAL,2025-07-01,pending,pending,pending,,14.525472,121.004105,1,2,,,,,,,,,,,,,,,,,,,,,
2025-09-16 21:01:21,NCRPO,SPD HQS,PS 01 Pasay City,,NATIONAL CAPITAL REGION,SOUTHERN,PASAY CITY,BARANGAY 144,EDSA AVE,Commercial/Business Establishment,2025-09-16,15:00:00,2025-07-01,July,09:00:00,(Incident) Rape,YES,Personal/Walk-in,CONSUMMATED,RAPE ,Republic Act,Section 1 Rape Offense,Fraudulent Machinations,No,,,,No,,,No,,,Lust,,No,No,Yes,No,Yes,No,Cleared,,UNDER PRELIMINARY INVESTIGATION,,REGULAR,2025-09-16,,,,,,,14.539721,121.010033,1,1,,,,,,,,,,,,,,,,,,,,,
2025-07-04 11:11:25,NCRPO,SPD HQS,PS 01 Pasay City,,NATIONAL CAPITAL REGION,SOUTHERN,PASAY CITY,BARANGAY 184,ST. PETER (184-179),Along the street,2025-07-04,04:00:00,2025-07-04,July,02:30:00,(Incident) Theft,YES,,CONSUMMATED,THEFT  ,Crimes Against Property,,Salisi,No,,,No,No,,,No,,,Personal Gain,,No,No,Yes,No,No,Yes,Solved,SOLVED (FILED-ARRESTED),RESOLVED - FILED IN COURT,,INQUEST,2025-07-04,ON-GOING TRIAL,2025-07-04,Pending,Pending,Pending,,14.528333,121.011665,1,2,,,,,,,,,,,,,,,,,,,,,
2025-07-05 04:03:25,NCRPO,SPD HQS,PS 01 Pasay City,,NATIONAL CAPITAL REGION,SOUTHERN,PASAY CITY,BARANGAY 92,REMY,Along the street,2025-07-05,21:30:00,2025-07-04,July,18:00:00,(Incident) Theft,YES,,CONSUMMATED,THEFT  ,Crimes Against Property,,Salisi,No,,,No,No,,,No,,,Personal Gain,,No,No,Yes,No,No,Yes,Solved,SOLVED (FILED-ARRESTED),RESOLVED - FILED IN COURT,,INQUEST,2025-07-04,ON-GOING TRIAL,2025-07-04,Pending,Pending,Pending,,14.547431,120.998566,1,1,,,,,,,,,,,,,,,,,,,,,
2025-08-15 00:38:47,NCRPO,SPD HQS,PS 01 Pasay City,,NATIONAL CAPITAL REGION,SOUTHERN,PASAY CITY,BARANGAY 183,NEWPORT BLVD,Commercial/Business Establishment,2025-08-14,17:00:00,2025-07-05,July,11:00:00,(Incident) Carnapping/Motornapping,YES,,CONSUMMATED,CARNAPPING,Republic Act,,,No,,,No,No,,,No,,,Personal Gain,,No,No,Yes,No,No,Yes,Cleared,,,,,,ARRAIGNMENT,2025-08-14,XV-13-INV-25H-01988,Pending,Pending,,14.518451,121.0187,1,1,,,,,,,,,,NBH 2284,,,CAR,FORD,FORD RANGER,,,,,,
2025-07-09 10:58:50,NCRPO,SPD HQS,PS 01 Pasay City,,NATIONAL CAPITAL REGION,SOUTHERN,PASAY CITY,BARANGAY 60,,School (Grade/High School/College/University),2025-07-08,21:30:00,2025-07-08,July,18:10:00,(Incident) Theft,YES,,CONSUMMATED,THEFT  ,Crimes Against Property,,Pick-Pocketing,No,,,No,No,,,No,,,Personal Gain,,No,No,Yes,No,No,Yes,Solved,SOLVED (FILED-ARRESTED),RESOLVED - FILED IN COURT,,INQUEST,2025-07-08,ON-GOING TRIAL,2025-07-08,Pending,Pending,Pending,,14.549337,121.001343,1,1,,,,,,,,,,,,,,,,,,,,,
2025-07-09 14:34:43,NCRPO,SPD HQS,PS 01 Pasay City,,NATIONAL CAPITAL REGION,SOUTHERN,PASAY CITY,BARANGAY 192,PILDERA,Along the street,2025-07-08,22:00:00,2025-07-08,July,02:30:00,(Incident) Robbery,YES,,CONSUMMATED,ROBBERY ,Crimes Against Property,,Hold-up w/ sharp object,No,,,No,No,,,No,,,Personal Gain,,No,No,Yes,No,No,Yes,Solved,SOLVED (FILED-ARRESTED),RESOLVED - FILED IN COURT,,INQUEST,2025-07-08,ON-GOING TRIAL,2025-07-08,Pending,Pending,Pending,,14.515984,121.001999,1,1,,,,,,,,,,,,,,,,,,,,,
2025-07-09 12:32:04,NCRPO,SPD HQS,PS 01 Pasay City,,NATIONAL CAPITAL REGION,SOUTHERN,PASAY CITY,BARANGAY 163,VITALES,Along the street,2025-07-09,00:30:00,2025-07-08,July,07:36:00,(Incident) Carnapping/Motornapping,YES,,CONSUMMATED,CARNAPPING,Republic Act,,Stolen While Parked Unattended (SWPU),No,,,No,No,,,No,,,Personal Gain,,No,No,Yes,No,No,Yes,Solved,SOLVED (FILED-ARRESTED),RESOLVED - FILED IN COURT,,E-INQUEST,2025-07-09,ON-GOING TRIAL,2025-07-09,PENDING,PENDING,PENDING,,14.52946,121.03363,1,1,,,,,,,,,,,,,,,,,,,,,
2025-07-11 01:24:20,NCRPO,SPD HQS,PS 01 Pasay City,,NATIONAL CAPITAL REGION,SOUTHERN,PASAY CITY,BARANGAY 76,ROXAS BLVD,Commercial/Business Establishment,2025-07-10,05:30:00,2025-07-10,July,04:10:00,(Incident) Theft,YES,,CONSUMMATED,THEFT  ,Crimes Against Property,,Committed by an employee (commercial/store/shop),No,,,No,No,,,No,,,Personal Gain,,No,No,Yes,No,No,Yes,Solved,SOLVED (FILED-ARRESTED),RESOLVED - FILED IN COURT,,INQUEST,2025-07-10,ON-GOING TRIAL,2025-07-10,Pending,Pending,Pending,,14.534985,120.981918,1,1,,,,,,,,,,,,,,,,,,,,,
2025-07-12 15:51:28,NCRPO,SPD HQS,PS 01 Pasay City,,NATIONAL CAPITAL REGION,SOUTHERN,PASAY CITY,BARANGAY 183,MANLUNAS,Along the street,2025-07-11,18:00:00,2025-07-11,July,02:00:00,(Incident) Theft,YES,,CONSUMMATED,THEFT  ,Crimes Against Property,,Cable/electric meter,No,,,No,No,,,No,,,Personal Gain,,No,No,Yes,No,No,Yes,Solved,SOLVED (FILED-ARRESTED),RESOLVED - FILED IN COURT,,INQUEST,2025-07-11,ON-GOING TRIAL,2025-07-11,Pending,Pending,Pending,,14.525612,121.012199,1,1,,,,,,,,,,,,,,,,,,,,,
2025-07-15 15:10:24,NCRPO,SPD HQS,PS 01 Pasay City,,NATIONAL CAPITAL REGION,SOUTHERN,PASAY CITY,BARANGAY 98,VERGEL,Along the street,2025-07-15,10:26:00,2025-07-13,July,03:29:00,(Incident) Theft,YES,,CONSUMMATED,THEFT  ,Crimes Against Property,,Basag Kotse/Salamin,No,,,No,No,,,No,,,Personal Gain,,No,No,Yes,No,Yes,No,Cleared,,RESOLVED - FILED IN COURT,,REGULAR,2025-07-21,ON-GOING TRIAL,2025-07-21,Pending,Pending,Pending,,14.543958,120.995483,1,1,,,,,,,,,,,,,,,,,,,,,
2025-07-13 10:51:38,NCRPO,SPD HQS,PS 01 Pasay City,,NATIONAL CAPITAL REGION,SOUTHERN,PASAY CITY,BARANGAY 197,0,Government Office/Establishment,2025-07-13,07:00:00,2025-07-13,July,04:00:00,(Incident) Physical Injury,YES,,CONSUMMATED,PHYSICAL INJURIES ,Crimes Against Persons,,Mauling,No,,,,No,,,No,,,Heated Argument/Misunderstanding,,No,No,Yes,No,No,Yes,Solved,SOLVED (FILED-ARRESTED),RESOLVED - FILED IN COURT,,E-INQUEST,2025-07-14,ON-GOING TRIAL,2025-07-13,pending,Pending,Pending,,14.550999,120.990311,2,1,,,,,,,,,,,,,,,,,,,,,
2025-07-13 23:37:05,NCRPO,SPD HQS,PS 01 Pasay City,,NATIONAL CAPITAL REGION,SOUTHERN,PASAY CITY,BARANGAY 39,,Commercial/Business Establishment,2025-07-13,19:45:00,2025-07-13,July,16:00:00,(Incident) Theft,YES,,CONSUMMATED,THEFT  ,Crimes Against Property,,Salisi (establishment),No,,,No,No,,,No,,,Personal Gain,,No,No,Yes,No,No,Yes,Solved,SOLVED (FILED-ARRESTED),RESOLVED - FILED IN COURT,,E-INQUEST,2025-07-13,ON-GOING TRIAL,2025-07-13,pending,pending,pending,,14.550999,120.990311,1,1,,,,,,,,,,,,,,,,,,,,,
2025-07-15 04:23:21,NCRPO,SPD HQS,PS 01 Pasay City,,NATIONAL CAPITAL REGION,SOUTHERN,PASAY CITY,BARANGAY 90,TAFT AVE,Commercial/Business Establishment,2025-07-14,18:45:00,2025-07-14,July,08:30:00,(Incident) Theft,YES,,CONSUMMATED,THEFT  ,Crimes Against Property,,Taken without owner's consent (TWOC),No,,,No,No,,,No,,,Personal Gain,,No,No,Yes,No,No,Yes,Solved,SOLVED (FILED-ARRESTED),RESOLVED - FILED IN COURT,,INQUEST,2025-07-14,ON-GOING TRIAL,2025-07-14,Pending,Pending,Pending,,14.545204,120.999069,1,1,,,,,,,,,,,,,,,,,,,,,
2025-07-15 03:27:35,NCRPO,SPD HQS,PS 01 Pasay City,,NATIONAL CAPITAL REGION,SOUTHERN,PASAY CITY,BARANGAY 76,ROXAS BLVD,Along the street,2025-07-14,18:30:00,2025-07-14,July,11:30:00,(Incident) Carnapping/Motornapping,YES,,CONSUMMATED,MOTORNAPPING,Republic Act,,Forcibly Taken (FT),No,,,No,No,,,No,,,Personal Gain,,No,No,Yes,No,No,Yes,Solved,SOLVED (FILED-ARRESTED),RESOLVED - FILED IN COURT,,INQUEST,2025-07-14,ON-GOING TRIAL,2025-07-14,Pending,Pending,Pending,,14.536875,120.998901,1,1,,,,,,,,,,,,,,,,,,,,,
2025-08-26 21:26:57,NCRPO,SPD HQS,PS 01 Pasay City,,NATIONAL CAPITAL REGION,SOUTHERN,PASAY CITY,BARANGAY 76,,Commercial/Business Establishment,2025-08-26,11:00:00,2025-07-14,July,01:00:00,(Incident) Rape,YES,Personal/Walk-in,CONSUMMATED,RAPE ,Crimes Against Persons,,Deprived of Reason or Unconcious (Under the influence of Liquior),No,,,,No,,,No,,,Lust,,No,No,Yes,No,Yes,No,Cleared,,UNDER PRELIMINARY INVESTIGATION,,REGULAR,2025-08-26,,2025-10-03,,,,,14.53594,120.994789,1,1,,,,,,,,,,,,,,,,,,,,,
2025-07-16 05:15:22,NCRPO,SPD HQS,PS 01 Pasay City,,NATIONAL CAPITAL REGION,SOUTHERN,PASAY CITY,BARANGAY 183,10TH,Along the street,2025-07-16,01:40:00,2025-07-15,July,11:05:00,(Incident) Theft,YES,,CONSUMMATED,THEFT  ,Crimes Against Property,,Cable/electric meter,No,,,No,No,,,No,,,Personal Gain,,No,No,Yes,No,No,Yes,Solved,SOLVED (FILED-ARRESTED),RESOLVED - FILED IN COURT,,INQUEST,2025-07-16,ON-GOING TRIAL,2025-07-16,Pending,Pending,Pending,,14.526458,121.014717,1,4,,,,,,,,,,,,,,,,,,,,,
2025-07-17 12:59:44,NCRPO,SPD HQS,PS 01 Pasay City,,NATIONAL CAPITAL REGION,SOUTHERN,PASAY CITY,BARANGAY 195,"\""CHAPEL ROAD, SUN VALLEY DRIVE, DECIEMBRE, SINGKO DE JUNIO, SAID DE SEPTIEMBRE\""",Along the street,2025-07-16,21:00:00,2025-07-16,July,06:36:00,(Incident) Robbery,YES,,CONSUMMATED,ROBBERY ,Crimes Against Property,,Snatching,No,,,No,No,,,No,,,Personal Gain,,No,No,Yes,No,No,Yes,Solved,SOLVED (FILED-ARRESTED),RESOLVED - FILED IN COURT,,INQUEST,2025-07-16,ON-GOING TRIAL,2025-07-16,Pending,Pending,Pending,,14.511886,121.005646,1,1,,,,,,,,,,,,,,,,,,,,,
2025-07-17 00:54:56,NCRPO,SPD HQS,PS 01 Pasay City,,NATIONAL CAPITAL REGION,SOUTHERN,PASAY CITY,BARANGAY 150,AURORA BLVD,Commercial/Business Establishment,2025-07-16,18:25:00,2025-07-16,July,09:45:00,(Incident) Robbery,YES,,CONSUMMATED,ROBBERY ,Crimes Against Property,,Extortion,No,,,No,No,,,No,,,Personal Gain,,No,Yes,No,No,Yes,No,Cleared,,RESOLVED - FILED IN COURT,,REGULAR,2025-07-28,ON-GOING TRIAL,2025-07-28,Pending,Pending,Pending,,14.537281,121.00351,1,2,,,,,,,,,,,,,,,,,,,,,
2025-07-18 01:51:18,NCRPO,SPD HQS,PS 01 Pasay City,,NATIONAL CAPITAL REGION,SOUTHERN,PASAY CITY,BARANGAY 40,,Commercial/Business Establishment,2025-07-17,18:40:00,2025-07-17,July,12:20:00,(Incident) Theft,YES,,CONSUMMATED,THEFT  ,Crimes Against Property,,Shoplifting,No,,,No,No,,,No,,,Personal Gain,,No,No,Yes,No,No,Yes,Solved,SOLVED (FILED-ARRESTED),RESOLVED - FILED IN COURT,,INQUEST,2025-07-17,ON-GOING TRIAL,2025-07-17,Pending,Pending,Pending,,14.547229,120.998901,1,1,,,,,,,,,,,,,,,,,,,,,
2025-07-18 17:09:45,NCRPO,SPD HQS,PS 01 Pasay City,,NATIONAL CAPITAL REGION,SOUTHERN,PASAY CITY,BARANGAY 183,10TH,Along the street,2025-07-18,03:20:00,2025-07-17,July,15:30:00,(Incident) Theft,YES,,CONSUMMATED,THEFT  ,Crimes Against Property,,Cable/electric meter,No,,,No,No,,,No,,,Personal Gain,,No,No,Yes,No,No,Yes,Solved,SOLVED (FILED-ARRESTED),RESOLVED - FILED IN COURT,,INQUEST,2025-07-18,ON-GOING TRIAL,2025-07-18,Pending,Pending,Pending,,14.526567,121.014557,2,2,,,,,,,,,,,,,,,,,,,,,
2025-07-19 00:56:23,NCRPO,SPD HQS,PS 01 Pasay City,,NATIONAL CAPITAL REGION,SOUTHERN,PASAY CITY,BARANGAY 76,ROXAS BLVD,Along the street,2025-07-18,15:30:00,2025-07-17,July,23:50:00,(Incident) Robbery,YES,,CONSUMMATED,ROBBERY ,Crimes Against Property,,Snatching,No,,,No,No,,,No,,,Personal Gain,,No,No,Yes,No,No,Yes,Solved,SOLVED (FILED-ARRESTED),RESOLVED - FILED IN COURT,,INQUEST,2025-07-18,ON-GOING TRIAL,2025-07-18,Pending,Pending,Pending,,14.557951,120.987511,1,1,,,,,,,,,,,,,,,,,,,,,
2025-07-19 23:31:54,NCRPO,SPD HQS,PS 01 Pasay City,,NATIONAL CAPITAL REGION,SOUTHERN,PASAY CITY,BARANGAY 97,,Government Office/Establishment,2025-07-19,19:00:00,2025-07-19,July,10:49:00,(Incident) Theft,YES,,CONSUMMATED,THEFT  ,Crimes Against Property,,Shoplifting,No,,,No,No,,,No,,,Personal Gain,,No,No,No,No,No,Yes,Solved,SOLVED (FILED-ARRESTED),RESOLVED - FILED IN COURT,,E-INQUEST,2025-07-19,ON-GOING TRIAL,2025-07-19,pending,pending,pending,,14.531205,120.994965,0,1,,,,,,,,,,,,,,,,,,,,,
2025-09-06 11:35:27,NCRPO,SPD HQS,PS 01 Pasay City,,NATIONAL CAPITAL REGION,SOUTHERN,PASAY CITY,BARANGAY 201,DAIP-PALAD,Residential (house/condo),2025-09-05,16:00:00,2025-07-20,July,04:00:00,(Incident) Rape,YES,Personal/Walk-in,CONSUMMATED,RAPE ,Crimes Against Persons,,"Force, Threat and Intimidation",No,,,,No,,,No,,,Lust,,No,No,Yes,No,Yes,No,Cleared,,UNDER PRELIMINARY INVESTIGATION,,REGULAR,2025-09-05,,,,,,,14.50722,121.030457,1,1,,,,,,,,,,,,,,,,,,,,,
2025-07-27 23:52:38,NCRPO,SPD HQS,PS 01 Pasay City,,NATIONAL CAPITAL REGION,SOUTHERN,PASAY CITY,BARANGAY 76,ROXAS BLVD,Along the street,2025-07-27,22:30:00,2025-07-26,July,17:22:00,(Incident) Theft,YES,,CONSUMMATED,THEFT  ,Crimes Against Property,,Salisi (establishment),No,,,No,No,,,No,,,Personal Gain,,No,No,Yes,No,Yes,No,Cleared,,RESOLVED - FILED IN COURT,,REGULAR,2025-07-31,ON-GOING TRIAL,2025-07-31,Pending,Pending,Pending,,14.542296,120.994621,1,5,,,,,,,,,,,,,,,,,,,,,
2025-08-06 16:14:25,NCRPO,SPD HQS,PS 01 Pasay City,,NATIONAL CAPITAL REGION,SOUTHERN,PASAY CITY,BARANGAY 110,INOCENCIO,Residential (house/condo),2025-08-06,05:30:00,2025-07-26,July,05:15:00,(Incident) Theft,YES,,CONSUMMATED,THEFT  ,Crimes Against Property,,Taken without owner's consent (TWOC),No,,,No,No,,,No,,,Personal Gain,,No,No,Yes,No,Yes,No,Cleared,,,,,,ARRAIGNMENT,2025-08-18,XV-13-INV-25-H-01217,ACP Clementine S.N. Villanueva,Pending,,14.545599,121.002357,1,1,,,,,,,,,,,,,,,,,,,,,
2025-07-28 15:22:23,NCRPO,SPD HQS,PS 01 Pasay City,,NATIONAL CAPITAL REGION,SOUTHERN,PASAY CITY,BARANGAY 173,GERONIMO,Residential (house/condo),2025-07-27,17:00:00,2025-07-27,July,03:20:00,(Incident) Rape,YES,,CONSUMMATED,RAPE ,Republic Act,,Deprived of Reason or Unconcious (Under the influence of Liquior),No,,,,No,,,No,,,Lust,,No,No,Yes,No,No,Yes,Solved,SOLVED (FILED-ARRESTED),UNDER PRELIMINARY INVESTIGATION,,E-INQUEST,2025-07-28,,,,,,,14.534507,121.011017,1,1,,,,,,,,,,,,,,,,,,,,,
2025-07-30 02:14:03,NCRPO,SPD HQS,PS 01 Pasay City,,NATIONAL CAPITAL REGION,SOUTHERN,PASAY CITY,BARANGAY 144,EDSA AVE,Along the street,2025-07-29,18:30:00,2025-07-29,July,17:50:00,(Incident) Theft,YES,,CONSUMMATED,THEFT  ,Crimes Against Property,,Taken without owner's consent (TWOC),No,,,No,No,,,No,,,Personal Gain,,No,No,Yes,No,No,Yes,Solved,SOLVED (FILED-ARRESTED),RESOLVED - FILED IN COURT,,INQUEST,2025-07-29,ON-GOING TRIAL,2025-07-29,Pending,Pending,Pending,,14.538298,121.009087,1,1,,,,,,,,,,,,,,,,,,,,,
2025-07-31 23:45:16,NCRPO,SPD HQS,PS 01 Pasay City,,NATIONAL CAPITAL REGION,SOUTHERN,PASAY CITY,BARANGAY 76,ROXAS BLVD,Along the street,2025-07-31,13:31:00,2025-07-31,July,09:00:00,(Incident) Theft,YES,,CONSUMMATED,THEFT  ,Crimes Against Property,,Committed by an employee (commercial/store/shop),No,,,No,No,,,No,,,Personal Gain,,No,No,Yes,No,No,Yes,Solved,SOLVED (FILED-ARRESTED),RESOLVED - FILED IN COURT,,INQUEST,2025-07-31,ON-GOING TRIAL,2025-07-31,Pending,Pending,Pending,,14.530768,120.983131,1,1,,,,,,,,,,,,,,,,,,,,,
2025-08-01 12:43:36,NCRPO,SPD HQS,PS 01 Pasay City,,NATIONAL CAPITAL REGION,SOUTHERN,PASAY CITY,BARANGAY 195,"\""CHAPEL ROAD, SUN VALLEY DRIVE, DECIEMBRE, SINGKO DE JUNIO, SAID DE SEPTIEMBRE\""",Along the street,2025-07-27,04:10:00,2025-07-31,July,20:30:00,(Incident) Theft,YES,,CONSUMMATED,THEFT  ,Crimes Against Property,,,No,,,No,No,,,No,,,Personal Gain,,No,No,Yes,No,No,Yes,Solved,SOLVED (FILED-ARRESTED),RESOLVED - FILED IN COURT,,INQUEST,2025-07-31,ON-GOING TRIAL,2025-07-31,Pending,Pending,Pending,,14.51117,121.008339,1,1,,,,,,,,,,,,,,,,,,,,,
2025-08-03 20:17:26,NCRPO,SPD HQS,PS 01 Pasay City,,NATIONAL CAPITAL REGION,SOUTHERN,PASAY CITY,BARANGAY 175,E. FLORES,Residential (house/condo),2025-08-03,14:00:00,2025-08-02,August,04:00:00,(Incident) Rape,YES,Personal/Walk-in,CONSUMMATED,RAPE ,Crimes Against Persons,,Deprived of Reason or Unconcious (Under the influence of Liquior),No,,,,No,,,No,,,Lust,,No,No,Yes,No,No,Yes,Solved,SOLVED (FILED-ARRESTED),UNDER PRELIMINARY INVESTIGATION,,REGULAR,2025-08-03,,,,,,,14.532531,121.010506,1,1,,,,,,,,,,,,,,,,,,,,,
2025-08-13 05:11:21,NCRPO,SPD HQS,PS 01 Pasay City,,NATIONAL CAPITAL REGION,SOUTHERN,PASAY CITY,BARANGAY 76,Diokno Boulevard MOA Complex,Along the street,2025-08-12,21:50:00,2025-08-11,August,15:40:00,(Incident) Robbery,YES,,CONSUMMATED,ROBBERY ,Crimes Against Property,,,No,,,Yes,No,,,No,,,To be Determined,,No,No,Yes,No,No,Yes,Solved,SOLVED (FILED-ARRESTED),RESOLVED - FILED IN COURT,,INQUEST,2025-08-12,ARRAIGNMENT,2025-08-12,Pending,Pending,Pending,,14.537664,120.988556,2,2,,,,",",UNKNOWN,IMPROVISED FIREARM,UNKNOWN,Loose Firearms,,502 QUD,,,MOTORCYCLE,HONDA,,,,,,,
2025-08-15 10:10:14,NCRPO,SPD HQS,PS 01 Pasay City,,NATIONAL CAPITAL REGION,SOUTHERN,PASAY CITY,BARANGAY 201,"\""C-5 EXTN,\""",Along the street,2025-08-15,06:00:00,2025-08-15,August,04:00:00,(Incident) Theft,YES,,CONSUMMATED,THEFT  ,Crimes Against Property,,,No,,,No,No,,,No,,,Personal Gain,,No,No,Yes,No,No,Yes,Solved,SOLVED (FILED-ARRESTED),RESOLVED - FILED IN COURT,,INQUEST,2025-08-15,ARRAIGNMENT,2025-08-15,Pending,Pending,Pending,,14.510038,121.031273,1,1,,,,,,,,,,,,,,,,,,,,,
2025-08-17 17:37:18,NCRPO,SPD HQS,PS 01 Pasay City,,NATIONAL CAPITAL REGION,SOUTHERN,PASAY CITY,BARANGAY 172,I. SANTOS,Residential (house/condo),2025-08-17,03:00:00,2025-08-16,August,03:00:00,(Incident) Rape,YES,Personal/Walk-in,CONSUMMATED,RAPE ,Crimes Against Persons,,"Force, Threat and Intimidation",No,,,,No,,,No,,,Lust,,No,No,Yes,No,No,Yes,Solved,SOLVED (FILED-ARRESTED),UNDER PRELIMINARY INVESTIGATION,,E-INQUEST,2025-08-17,,,,,,,14.5354,121.010925,1,1,,,,,,,,,,,,,,,,,,,,,
2025-08-20 01:39:51,NCRPO,SPD HQS,PS 01 Pasay City,,NATIONAL CAPITAL REGION,SOUTHERN,PASAY CITY,BARANGAY 130,VIRGINIA,Residential (house/condo),2025-08-19,18:25:00,2025-08-19,August,15:20:00,(Incident) Theft,YES,,CONSUMMATED,THEFT  ,Crimes Against Property,,,No,,,No,No,,,No,,,Personal Gain,,No,No,Yes,No,No,Yes,Solved,SOLVED (FILED-ARRESTED),RESOLVED - FILED IN COURT,,INQUEST,2025-08-19,ARRAIGNMENT,2025-08-19,Pending,Pending,Pending,,14.548226,121.007484,2,1,,,,,,,,,,,,,,,,,,,,,
2025-08-20 00:54:23,NCRPO,SPD HQS,PS 01 Pasay City,,NATIONAL CAPITAL REGION,SOUTHERN,PASAY CITY,BARANGAY 10,STA. MONICA,Commercial/Business Establishment,2025-08-19,16:30:00,2025-08-19,August,13:50:00,(Incident) Theft,YES,Personal/Walk-in,CONSUMMATED,THEFT  ,Crimes Against Property,,Salisi,No,,,No,No,,,No,,,Personal Gain,,No,No,Yes,No,Yes,Yes,Solved,SOLVED (FILED-ARRESTED),RESOLVED - FILED IN COURT,,INQUEST,2025-08-22,ON-GOING TRIAL,2025-08-19,Pending,Pending,Pending,,14.551758,120.990021,1,8,,,,,,,,,,ZEF 399,silver Toyota Innova,,CAR,,TOYOTA INNOVA,,,,,,
2025-08-21 16:06:53,NCRPO,SPD HQS,PS 01 Pasay City,,NATIONAL CAPITAL REGION,SOUTHERN,PASAY CITY,BARANGAY 179,ST. CECILLE (179-178),Along the street,2025-08-21,04:30:00,2025-08-20,August,14:45:00,(Incident) Theft,YES,,CONSUMMATED,THEFT  ,Crimes Against Property,,,No,,,No,No,,,No,,,Personal Gain,,No,No,Yes,No,No,Yes,Solved,SOLVED (FILED-ARRESTED),RESOLVED - FILED IN COURT,,INQUEST,2025-08-21,ARRAIGNMENT,2025-08-21,Pending,Pending,Pending,,14.530841,121.00827,1,1,,,,,,,,,MARIJUANA DRIED LEAVES Quantity:2.60 Value:312.00,,,,,,,,,,,,
2025-08-21 12:47:53,NCRPO,SPD HQS,PS 01 Pasay City,,NATIONAL CAPITAL REGION,SOUTHERN,PASAY CITY,BARANGAY 76,DERHAM,Recreational Place (resorts/parks),2025-08-20,21:00:00,2025-08-20,August,02:30:00,(Incident) Theft,YES,,CONSUMMATED,THEFT  ,Crimes Against Property,,Taken without owner's consent (TWOC),No,,,No,No,,,No,,,Personal Gain,,No,No,Yes,No,No,Yes,Solved,SOLVED (FILED-ARRESTED),RESOLVED - FILED IN COURT,,INQUEST,2025-08-20,ARRAIGNMENT,2025-08-20,Pending,Pending,Pending,,14.545344,120.993866,1,1,,,,,,,,,,,,,,,,,,,,,
2025-08-20 23:22:44,NCRPO,SPD HQS,PS 01 Pasay City,,NATIONAL CAPITAL REGION,SOUTHERN,PASAY CITY,BARANGAY 76,DON B HERNANDEZ,Residential (house/condo),2025-08-20,11:45:00,2025-08-20,August,01:52:00,(Incident) Theft,YES,Personal/Walk-in,CONSUMMATED,THEFT  ,Crimes Against Property,,Taken without owner's consent (TWOC),No,,,No,No,,,No,,,Personal Gain,,No,No,Yes,No,No,Yes,Solved,SOLVED (FILED-ARRESTED),RESOLVED - FILED IN COURT,,INQUEST,2025-08-20,ARRAIGNMENT,2025-08-20,Pending,Pending,Pending,,14.538267,120.993774,1,1,,,,,,,,,,,,,,,,,,,,,
2025-08-24 16:56:47,NCRPO,SPD HQS,PS 01 Pasay City,,NATIONAL CAPITAL REGION,SOUTHERN,PASAY CITY,BARANGAY 131,TOLENTINO,Residential (house/condo),2025-08-24,02:00:00,2025-08-22,August,21:10:00,(Incident) Rape,YES,,CONSUMMATED,RAPE ,Crimes Against Persons,,Deprived of Reason or Unconcious (Under the influence of Liquior),No,,,,No,,,No,,,Lust,,No,No,Yes,No,No,Yes,Solved,SOLVED (FILED-ARRESTED),UNDER PRELIMINARY INVESTIGATION,,E-INQUEST,2025-08-24,,,,,,,14.546928,121.006592,1,1,,,,,,,,,,,,,,,,,,,,,
2025-08-24 08:44:49,NCRPO,SPD HQS,PS 01 Pasay City,,NATIONAL CAPITAL REGION,SOUTHERN,PASAY CITY,BARANGAY 90,PRIMERO DE MAYO,Along the street,2025-08-23,23:50:00,2025-08-23,August,20:00:00,(Incident) Robbery,YES,Personal/Walk-in,CONSUMMATED,COMPLEX CRIME,Crimes Against Property,,Hold-up w/ gun,No,,,Yes,No,,,No,,,Personal Gain,,No,No,No,No,Yes,Yes,Solved,SOLVED (FILED-ARRESTED),RESOLVED - FILED IN COURT,,INQUEST,2025-08-27,ON-GOING TRIAL,2025-08-27,Pending,Pending,Pending,,14.535359,120.999725,1,2,,,,,,,,,,,,,,,,,,,,,
2025-08-24 22:45:29,NCRPO,SPD HQS,PS 01 Pasay City,,NATIONAL CAPITAL REGION,SOUTHERN,PASAY CITY,BARANGAY 70,PASADENA,Along the street,2025-08-24,13:00:00,2025-08-24,August,12:00:00,(Incident) Theft,YES,,CONSUMMATED,THEFT  ,Crimes Against Property,,Akyat Bahay,No,,,No,No,,,No,,,,,No,No,No,No,No,Yes,Solved,SOLVED (FILED-ARRESTED),RESOLVED - FILED IN COURT,,E-INQUEST,2025-08-23,ARRAIGNMENT,2025-08-24,pending,pending,pending,,14.543875,120.995567,0,2,,,,,,,,,,,,,,,,,,,,,
2025-08-26 02:43:49,NCRPO,SPD HQS,PS 01 Pasay City,,NATIONAL CAPITAL REGION,SOUTHERN,PASAY CITY,BARANGAY 152,APELO CRUZ,Along the street,2025-08-25,19:45:00,2025-08-25,August,08:40:00,(Incident) Physical Injury,YES,,CONSUMMATED,PHYSICAL INJURIES ,Crimes Against Persons,,Punching,No,,,,No,,,No,,,Personal Grudge,,No,No,Yes,No,No,Yes,Solved,SOLVED (FILED-ARRESTED),RESOLVED - FILED IN COURT,,INQUEST,2025-08-25,ARRAIGNMENT,2025-08-25,Pending,Pending,Pending,,14.534611,121.008736,2,1,,,,,,,,,,,,,,,,,,,,,
2025-08-29 08:55:55,NCRPO,SPD HQS,PS 01 Pasay City,,NATIONAL CAPITAL REGION,SOUTHERN,PASAY CITY,BARANGAY 140,CABRERA,Residential (house/condo),2025-09-01,19:30:00,2025-08-29,August,00:50:00,(Incident) Robbery,YES,911,CONSUMMATED,COMPLEX CRIME,Crimes Against Property,,Seized At Gunpoint with Intimidation (SAGPI),No,,,Yes,No,,,No,,,Personal Gain,,No,No,Yes,No,Yes,Yes,Solved,SOLVED (FILED-ARRESTED),RESOLVED - FILED IN COURT,,INQUEST,2025-09-01,ARRAIGNMENT,2025-09-01,Pending,Pending,Pending,,14.539773,121.005714,14,2,,Residential,"2712 CABRERA ST., BRGY 140, PASAY CITY,",,,,,,,,,,,,,,,,,,
2025-08-29 08:55:55,NCRPO,SPD HQS,PS 01 Pasay City,,NATIONAL CAPITAL REGION,SOUTHERN,PASAY CITY,BARANGAY 140,CABRERA,Residential (house/condo),2025-09-01,19:30:00,2025-08-29,August,00:50:00,(Incident) Robbery,YES,911,CONSUMMATED,ROBBERY ,Crimes Against Property,,Akyat Bahay,No,,,Yes,No,,,No,,,Personal Gain,,No,No,Yes,No,Yes,Yes,Solved,SOLVED (FILED-ARRESTED),RESOLVED - FILED IN COURT,,INQUEST,2025-09-01,ARRAIGNMENT,2025-09-01,Pending,Pending,Pending,,14.539773,121.005714,14,2,,Residential,"2712 CABRERA ST., BRGY 140, PASAY CITY,",,,,,,,,,,,,,,,,,,
2025-08-31 14:24:06,NCRPO,SPD HQS,PS 01 Pasay City,,NATIONAL CAPITAL REGION,SOUTHERN,PASAY CITY,BARANGAY 194,"\""LANGKA, \""",Commercial/Business Establishment,2025-08-31,06:30:00,2025-08-31,August,00:15:00,(Incident) Theft,YES,Police Initiated Operation,CONSUMMATED,THEFT  ,Crimes Against Property,,Salisi (establishment),No,,,No,No,,,No,,,,,No,No,Yes,No,No,Yes,Solved,SOLVED (FILED-ARRESTED),RESOLVED - FILED IN COURT,,E-INQUEST,2025-08-31,ARRAIGNMENT,1970-01-01,Pending,Pending,Pending,,14.522356,121.000244,1,1,,,,,,,,,,,,,,,,,,,,,
2025-09-02 00:26:48,NCRPO,SPD HQS,PS 01 Pasay City,,NATIONAL CAPITAL REGION,SOUTHERN,PASAY CITY,BARANGAY 62,,Residential (house/condo),2025-09-01,10:05:00,2025-08-31,August,05:00:00,(Incident) Theft,YES,Personal/Walk-in,CONSUMMATED,THEFT  ,Crimes Against Property,,Taken without owner's consent (TWOC),No,,,No,No,,,No,,,Personal Gain,,No,No,Yes,No,No,Yes,Solved,SOLVED (FILED-ARRESTED),RESOLVED - FILED IN COURT,,INQUEST,2025-09-01,ARRAIGNMENT,2025-09-01,Pending,Pending,Pending,,14.550895,121.001724,1,1,,,,,,,,,,,,,,,,,,,,,
2025-08-31 23:21:13,NCRPO,SPD HQS,PS 01 Pasay City,,NATIONAL CAPITAL REGION,SOUTHERN,PASAY CITY,BARANGAY 183,8TH,Commercial/Business Establishment,2025-08-31,17:45:00,2025-08-31,August,15:30:00,(Incident) Theft,YES,Police Initiated Operation,CONSUMMATED,THEFT  ,Crimes Against Property,,Salisi (establishment),No,,,No,No,,,No,,,Personal Gain,,No,No,Yes,No,No,Yes,Solved,SOLVED (FILED-ARRESTED),RESOLVED - FILED IN COURT,,E-INQUEST,2025-09-01,ARRAIGNMENT,2025-09-01,PENDING,pending,pending,,14.526302,121.015732,1,1,,,,,,,,,,,,,,,,,,,,,
2025-09-02 01:00:35,NCRPO,SPD HQS,PS 01 Pasay City,,NATIONAL CAPITAL REGION,SOUTHERN,PASAY CITY,BARANGAY 144,EDSA AVE,Along the street,2025-09-01,18:45:00,2025-09-01,September,17:30:00,(Incident) Theft,YES,Personal/Walk-in,CONSUMMATED,THEFT  ,Crimes Against Property,,Cable/electric meter,No,,,No,No,,,No,,,Personal Gain,,No,No,Yes,No,No,Yes,Solved,SOLVED (FILED-ARRESTED),RESOLVED - FILED IN COURT,,INQUEST,2025-09-01,ARRAIGNMENT,2025-09-01,Pending,Pending,Pending,,14.538518,121.010551,1,2,,,,,,,,,,,,,,,,,,,,,
2025-09-03 08:42:32,NCRPO,SPD HQS,PS 01 Pasay City,,NATIONAL CAPITAL REGION,SOUTHERN,PASAY CITY,BARANGAY 144,RODRIGUEZ EXTN,Residential (house/condo),2025-09-03,02:00:00,2025-09-01,September,12:00:00,(Incident) Rape,YES,Personal/Walk-in,CONSUMMATED,RAPE ,Republic Act,Section 1 Rape Offense,Statutory rape,No,,,,No,,,No,,,Lust,,No,No,Yes,No,No,Yes,Solved,SOLVED (FILED-ARRESTED),UNDER PRELIMINARY INVESTIGATION,,E-INQUEST,2025-09-03,,,,,,,14.539378,121.008835,1,1,,,,,,,,,,,,,,,,,,,,,
2025-09-02 20:19:19,NCRPO,SPD HQS,PS 01 Pasay City,,NATIONAL CAPITAL REGION,SOUTHERN,PASAY CITY,BARANGAY 76,Shore 1 Residences MOA Complex ,Along the street,2025-09-02,04:00:00,2025-09-01,September,21:30:00,(Incident) Robbery,YES,Personal/Walk-in,CONSUMMATED,ROBBERY ,Crimes Against Property,,Hold-up w/ sharp object,No,,,No,No,,,No,,,Personal Gain,,No,No,Yes,No,No,Yes,Solved,SOLVED (FILED-ARRESTED),RESOLVED - FILED IN COURT,,INQUEST,2025-09-02,ARRAIGNMENT,2025-09-02,Pending,Pending,Pending,,14.541341,120.985336,1,1,,,,,,,,,,,,,,,,,,,,,
2025-10-07 08:56:29,NCRPO,SPD HQS,PS 01 Pasay City,,NATIONAL CAPITAL REGION,SOUTHERN,PASAY CITY,BARANGAY 191,ELECTRICAL ROAD,Residential (house/condo),2025-10-06,10:48:00,2025-09-03,September,22:00:00,(Incident) Rape,YES,Personal/Walk-in,CONSUMMATED,RAPE ,Republic Act,Section 1 Rape Offense,"Force, Threat and Intimidation",No,,,,No,,,No,,,Lust,,No,No,Yes,No,Yes,No,Cleared,,UNDER PRELIMINARY INVESTIGATION,,REGULAR,2025-10-06,,,,,,,14.525679,120.998718,1,2,,,,,,,,,,,,,,,,,,,,,
2025-09-04 17:17:34,NCRPO,SPD HQS,PS 01 Pasay City,,NATIONAL CAPITAL REGION,SOUTHERN,PASAY CITY,BARANGAY 201,"\""C-5 EXTN,\""",Commercial/Business Establishment,2025-09-04,06:40:00,2025-09-04,September,01:30:00,(Incident) Theft,YES,Personal/Walk-in,CONSUMMATED,THEFT  ,Crimes Against Property,,Shoplifting,No,,,No,No,,,No,,,Personal Gain,,No,No,Yes,No,No,Yes,Solved,SOLVED (FILED-ARRESTED),RESOLVED - FILED IN COURT,,INQUEST,2025-09-04,ARRAIGNMENT,2025-09-04,Pending,Pending,Pending,,14.508722,121.033501,1,1,,,,,,,,,,,,,,,,,,,,,
2025-09-05 23:54:48,NCRPO,SPD HQS,PS 01 Pasay City,,NATIONAL CAPITAL REGION,SOUTHERN,PASAY CITY,BARANGAY 183,8TH,Residential (house/condo),2025-09-05,02:45:00,2025-09-05,September,23:30:00,(Incident) Theft,YES,Personal/Walk-in,CONSUMMATED,THEFT  ,Crimes Against Property,,Salisi (Cellphone/Laptop),No,,,No,No,,,No,,,Personal Gain,,No,No,Yes,No,No,Yes,Solved,SOLVED (FILED-ARRESTED),RESOLVED - FILED IN COURT,,INQUEST,2025-09-05,ARRAIGNMENT,2025-09-05,Pending,Pending,Pending,,14.529486,121.01783,1,3,,,,,,,,,,,,,,,,,,,,,
2025-09-07 01:40:23,NCRPO,SPD HQS,PS 01 Pasay City,,NATIONAL CAPITAL REGION,SOUTHERN,PASAY CITY,BARANGAY 171,F. CRUZ,Along the street,2025-09-07,01:00:00,2025-09-06,September,23:00:00,(Incident) Carnapping/Motornapping,YES,Police Initiated Operation,CONSUMMATED,MOTORNAPPING,Republic Act,,Stolen While Parked Unattended (SWPU),No,,,No,No,,,No,,,,,No,No,Yes,No,No,Yes,Solved,SOLVED (FILED-ARRESTED),RESOLVED - FILED IN COURT,,E-INQUEST,2025-09-06,ARRAIGNMENT,2025-09-06,Pending,Pending,Pending,,14.539596,121.000198,1,1,,,,,,,,,,,,,,,,,,,,,
2025-10-15 14:51:51,NCRPO,SPD HQS,PS 01 Pasay City,,NATIONAL CAPITAL REGION,SOUTHERN,PASAY CITY,BARANGAY 12,SAN LUIS,Along the street,2025-10-15,11:35:00,2025-09-13,September,02:40:00,(Incident) Theft,YES,Police Initiated Operation,CONSUMMATED,THEFT  ,Crimes Against Property,,Bag Snatching,No,,,No,No,,,No,,,Personal Gain,,No,No,Yes,No,Yes,Yes,Solved,SOLVED (FILED-ARRESTED),RESOLVED - FILED IN COURT,,INQUEST,2025-10-15,ARRAIGNMENT,2025-10-15,PENDING,PENDING,PENDING,,14.548195,120.992302,1,2,,,,,,,,,,,,,,,,,,,,,
2025-09-18 09:28:34,NCRPO,SPD HQS,PS 01 Pasay City,,NATIONAL CAPITAL REGION,SOUTHERN,PASAY CITY,BARANGAY 49,,Along the street,2025-09-17,17:00:00,2025-09-16,September,04:30:00,(Incident) Rape,YES,Personal/Walk-in,CONSUMMATED,RAPE ,Republic Act,Section 1 Rape Offense,Fraudulent Machinations,No,,,,No,,,No,,,Lust,,No,No,No,No,No,Yes,Solved,SOLVED (FILED-ARRESTED),UNDER PRELIMINARY INVESTIGATION,,E-INQUEST,2025-09-18,,,,,,,14.554093,120.997841,1,1,,,,,,,,,,,,,,,,,,,,,
2025-09-20 23:10:46,NCRPO,SPD HQS,PS 01 Pasay City,,NATIONAL CAPITAL REGION,SOUTHERN,PASAY CITY,BARANGAY 76,Tower 3 Shore 2,Residential (house/condo),2025-09-20,15:00:00,2025-09-16,September,04:30:00,(Incident) Rape,YES,Personal/Walk-in,CONSUMMATED,RAPE ,Crimes Against Persons,,"Force, Threat and Intimidation",No,,,,No,,,No,,,Lust,,No,No,Yes,No,Yes,No,Cleared,,UNDER PRELIMINARY INVESTIGATION,,REGULAR,2025-09-20,,2025-10-03,,,,,14.54104,120.986191,1,1,,,,,,,,,,,,,,,,,,,,,
2025-09-18 21:54:23,NCRPO,SPD HQS,PS 01 Pasay City,,NATIONAL CAPITAL REGION,SOUTHERN,PASAY CITY,BARANGAY 191,MIA ROAD,Along the street,2025-09-18,17:00:00,2025-09-18,September,07:30:00,(Incident) Theft,YES,Police Initiated Operation,CONSUMMATED,THEFT  ,Crimes Against Property,,Salisi (akyat bahay),No,,,No,No,,,No,,,,,No,No,No,No,No,Yes,Solved,SOLVED (FILED-ARRESTED),RESOLVED - FILED IN COURT,,E-INQUEST,2025-09-18,ARRAIGNMENT,2025-09-18,Pending,pending,Pending,,14.550999,120.990311,0,1,,,,,,,,,,,,,,,,,,,,,
2025-09-20 20:33:16,NCRPO,SPD HQS,PS 01 Pasay City,,NATIONAL CAPITAL REGION,SOUTHERN,PASAY CITY,BARANGAY 165,E. RODRIGUEZ,Along the street,2025-09-20,02:10:00,2025-09-20,September,06:00:00,(Incident) Carnapping/Motornapping,YES,Police Initiated Operation,CONSUMMATED,MOTORNAPPING,Republic Act,,Stolen While Parked Unattended (SWPU),No,,,No,No,,,No,,,,,No,No,Yes,No,No,Yes,Solved,SOLVED (FILED-ARRESTED),RESOLVED - FILED IN COURT,,E-INQUEST,2025-09-20,ARRAIGNMENT,2025-09-20,pending,pending,pending,,14.539056,121.001358,1,1,,,,,,,,,,,,,,,,,,,,,
2025-09-22 19:44:22,NCRPO,SPD HQS,PS 01 Pasay City,,NATIONAL CAPITAL REGION,SOUTHERN,PASAY CITY,BARANGAY 148,DON CARLOS REVILLA,Residential (house/condo),2025-09-22,19:00:00,2025-09-21,September,19:00:00,(Incident) Rape,YES,Personal/Walk-in,CONSUMMATED,RAPE ,Crimes Against Persons,,Deprived of Reason or Unconcious (Under the influence of Liquior),No,,,,No,,,No,,,Lust,,No,No,Yes,No,No,Yes,Solved,SOLVED (FILED-ARRESTED),UNDER PRELIMINARY INVESTIGATION,,E-INQUEST,2025-09-23,,,,,,,14.534175,121.002724,1,1,,,,,,,,,,,,,,,,,,,,,
2025-09-23 02:45:11,NCRPO,SPD HQS,PS 01 Pasay City,,NATIONAL CAPITAL REGION,SOUTHERN,PASAY CITY,BARANGAY 81,"\""PARK AVE, \""",Along the street,2025-09-22,09:30:00,2025-09-22,September,00:50:00,(Incident) Theft,YES,Personal/Walk-in,CONSUMMATED,THEFT  ,Crimes Against Property,,Snatching,No,,,No,No,,,No,,,Personal Gain,,No,No,Yes,No,No,Yes,Solved,SOLVED (FILED-ARRESTED),RESOLVED - FILED IN COURT,,INQUEST,2025-09-22,ARRAIGNMENT,2025-09-22,Pending,Pending,Pending,,14.539414,120.998276,1,2,,,,", ,",".40, UNKNOWN","IMPROVISED FIREARM, IMPROVISED FIREARM","UNKNOWN, UNKNOWN","Loose Firearms, Loose Firearms",,,,,,,,,,,,,
2025-09-24 01:35:11,NCRPO,SPD HQS,PS 01 Pasay City,,NATIONAL CAPITAL REGION,SOUTHERN,PASAY CITY,BARANGAY 13,ESCOLASTICA,Commercial/Business Establishment,2025-09-23,17:30:00,2025-09-23,September,14:20:00,(Incident) Robbery,YES,Personal/Walk-in,CONSUMMATED,ROBBERY ,Crimes Against Property,,Romance Scam/Love Scam,No,,,No,No,,,No,,,Personal Gain,,No,No,Yes,No,Yes,Yes,Solved,SOLVED (FILED-ARRESTED),RESOLVED - FILED IN COURT,,INQUEST,2025-09-23,ARRAIGNMENT,2025-09-23,Pending,Pending,Pending,,14.549067,120.990791,2,2,,,,,,,,,,,,,,,,,,,,,
2025-09-24 18:42:36,NCRPO,SPD HQS,PS 01 Pasay City,,NATIONAL CAPITAL REGION,SOUTHERN,PASAY CITY,BARANGAY 38,,Commercial/Business Establishment,2025-09-23,21:10:00,2025-09-23,September,09:00:00,(Incident) Rape,YES,Personal/Walk-in,CONSUMMATED,RAPE ,Republic Act,,"Force, Threat and Intimidation",No,,,,No,,,No,,,Lust,,No,No,Yes,No,Yes,Yes,Solved,SOLVED (FILED-ARRESTED),UNDER PRELIMINARY INVESTIGATION,,E-INQUEST,2025-09-25,,,,,,,14.553678,120.997162,1,2,,,,,,,,,,,,,,,,,,,,,
2025-09-24 18:09:11,NCRPO,SPD HQS,PS 01 Pasay City,,NATIONAL CAPITAL REGION,SOUTHERN,PASAY CITY,BARANGAY 76,ROXAS BLVD,Commercial/Business Establishment,2025-09-23,21:00:00,2025-09-23,September,05:00:00,(Incident) Rape,YES,Personal/Walk-in,CONSUMMATED,RAPE ,Republic Act,,"Force, Threat and Intimidation",No,,,,No,,,No,,,Lust,,No,No,Yes,No,No,Yes,Solved,SOLVED (FILED-ARRESTED),UNDER PRELIMINARY INVESTIGATION,,E-INQUEST,2025-09-25,,,,,,,14.549005,120.990753,1,1,,,,,,,,,,,,,,,,,,,,,
2025-09-25 10:12:30,NCRPO,SPD HQS,PS 01 Pasay City,,NATIONAL CAPITAL REGION,SOUTHERN,PASAY CITY,BARANGAY 76,t South Bridge SM by the Bay Barangay 76,Along the street,2025-09-25,06:00:00,2025-09-25,September,03:00:00,(Incident) Physical Injury,YES,Police Initiated Operation,CONSUMMATED,PHYSICAL INJURIES ,Crimes Against Persons,,Mauling,No,,,,No,,,No,,,To be Determined,,No,Yes,No,No,No,Yes,Solved,SOLVED (FILED-ARRESTED),RESOLVED - FILED IN COURT,,INQUEST,2025-09-25,ARRAIGNMENT,2025-09-25,PENDING,PENDING,PENDING,,14.550999,120.990311,2,1,,,,"Serial number AFXA909,,",UNKNOWN,PISTOL,GLOCK,License,,,,,,,,,,,,,
2025-09-25 09:09:33,NCRPO,SPD HQS,PS 01 Pasay City,,NATIONAL CAPITAL REGION,SOUTHERN,PASAY CITY,BARANGAY 76,,Government Office/Establishment,2025-09-25,02:00:00,2025-09-25,September,19:00:00,(Incident) Theft,YES,Police Initiated Operation,CONSUMMATED,THEFT  ,Crimes Against Property,,Committed by an employee (commercial/store/shop),No,,,No,No,,,No,,,To be Determined,,No,No,Yes,No,No,Yes,Solved,SOLVED (FILED-ARRESTED),RESOLVED - FILED IN COURT,,INQUEST,2025-09-25,ARRAIGNMENT,2025-09-25,PENDING,PENDING,PENDING,,14.539721,120.987625,1,1,,,,,,,,,,,,,,,,,,,,,
2025-10-01 02:20:22,NCRPO,SPD HQS,PS 01 Pasay City,,NATIONAL CAPITAL REGION,SOUTHERN,PASAY CITY,BARANGAY 173,P. SANTOS,Commercial/Business Establishment,2025-09-30,23:30:00,2025-09-30,September,10:45:00,(Incident) Theft,YES,Police Initiated Operation,CONSUMMATED,THEFT  ,Crimes Against Property,,Taken without owner's consent (TWOC),No,,,No,No,,,No,,,Personal Gain,,No,No,Yes,No,No,Yes,Solved,SOLVED (FILED-ARRESTED),RESOLVED - FILED IN COURT,,INQUEST,2025-09-30,ARRAIGNMENT,2025-09-30,Pending,Pending,Pending,,14.534606,121.009933,1,1,,,,,,,,,,,,,,,,,,,,,
2025-10-01 10:58:00,NCRPO,SPD HQS,PS 01 Pasay City,,NATIONAL CAPITAL REGION,SOUTHERN,PASAY CITY,BARANGAY 149,EDANG,Along the street,2025-10-01,04:45:00,2025-10-01,October,03:51:00,(Incident) Theft,YES,Police Initiated Operation,CONSUMMATED,THEFT  ,Crimes Against Property,,Akyat Bahay,No,,,No,No,,,No,,,To be Determined,,No,No,No,No,No,Yes,Solved,SOLVED (FILED-ARRESTED),RESOLVED - FILED IN COURT,,INQUEST,2025-10-01,ARRAIGNMENT,2025-10-01,PENDING,pending,pending,,14.537036,121.009903,0,2,,,,,,,,,,,,,,,,,,,,,
2025-10-02 23:51:44,NCRPO,SPD HQS,PS 01 Pasay City,,NATIONAL CAPITAL REGION,SOUTHERN,PASAY CITY,BARANGAY 7,DAPITAN,Residential (house/condo),2025-10-02,14:40:00,2025-10-02,October,04:00:00,(Incident) Theft,YES,Personal/Walk-in,CONSUMMATED,THEFT  ,Crimes Against Property,,Salisi (akyat bahay),No,,,No,No,,,No,,,Personal Gain,,No,No,Yes,No,No,Yes,Cleared,,RESOLVED - FILED IN COURT,,INQUEST,2025-10-02,ARRAIGNMENT,2025-10-02,Pending,Pending,pending,,14.550999,120.990311,1,1,,,,,,,,,,,,,,,,,,,,,
2025-10-04 22:21:02,NCRPO,SPD HQS,PS 01 Pasay City,,NATIONAL CAPITAL REGION,SOUTHERN,PASAY CITY,BARANGAY 44,SANDEJAS,Residential (house/condo),2025-10-04,02:45:00,2025-10-03,October,08:00:00,(Incident) Theft,YES,Personal/Walk-in,CONSUMMATED,THEFT  ,Crimes Against Property,,Akyat Bahay,No,,,No,No,,,No,,,Personal Gain,,No,No,No,No,No,Yes,Solved,SOLVED (FILED-ARRESTED),RESOLVED - FILED IN COURT,,E-INQUEST,2025-10-04,ARRAIGNMENT,2025-10-04,Pending,Pending,Pending,,14.545993,120.999344,0,2,,,,,,,,,,,,,,,,,,,,,
2025-10-04 02:59:01,NCRPO,SPD HQS,PS 01 Pasay City,,NATIONAL CAPITAL REGION,SOUTHERN,PASAY CITY,BARANGAY 190,,Along the street,2025-10-03,22:00:00,2025-10-03,October,18:25:00,(Incident) Shooting,YES,Police Initiated Operation,CONSUMMATED,COMPLEX CRIME,Crimes Against Property,,Hold-up w/ gun,No,,,No,No,,,No,,,To be Determined,,No,No,No,No,Yes,No,Cleared,,RESOLVED - FILED IN COURT,,REGULAR,2025-10-08,PRE-TRIAL,2025-10-08,Pending,Pending,Pending,,14.531454,120.99971,1,3,,,,,,,,,,,,,,,,,,,,,
2025-10-12 01:41:23,NCRPO,SPD HQS,PS 01 Pasay City,,NATIONAL CAPITAL REGION,SOUTHERN,PASAY CITY,BARANGAY 147,,Along the street,2025-10-11,02:30:00,2025-10-10,October,22:50:00,(Incident) Theft,YES,Personal/Walk-in,CONSUMMATED,THEFT  ,Crimes Against Property,,Bag Snatching,No,,,No,No,,,No,,,,,No,No,No,No,No,Yes,Solved,SOLVED (FILED-ARRESTED),RESOLVED - FILED IN COURT,,E-INQUEST,2025-10-11,ARRAIGNMENT,2025-10-11,pending,pending,pending,,14.540884,120.993629,0,1,,,,,,,,,,,,,,,,,,,,,
2025-10-12 21:30:05,NCRPO,SPD HQS,PS 01 Pasay City,,NATIONAL CAPITAL REGION,SOUTHERN,PASAY CITY,BARANGAY 193,ROSAS,Residential (house/condo),2025-10-12,19:57:00,2025-10-12,October,06:30:00,(Incident) Theft,YES,Personal/Walk-in,CONSUMMATED,THEFT  ,Crimes Against Property,,Akyat Bahay,No,,,No,No,,,No,,,,,No,No,No,No,No,Yes,Solved,SOLVED (FILED-ARRESTED),RESOLVED - FILED IN COURT,,E-INQUEST,2025-10-12,ARRAIGNMENT,2025-10-12,pending,pending,pending,,14.527715,121.005348,0,3,,,,,,,,,,,,,,,,,,,,,
2025-10-15 00:21:07,NCRPO,SPD HQS,PS 01 Pasay City,,NATIONAL CAPITAL REGION,SOUTHERN,PASAY CITY,BARANGAY 120,ARNAIZ AVE,Along the street,2025-10-14,13:38:00,2025-10-14,October,11:30:00,(Incident) Theft,YES,Police Initiated Operation,CONSUMMATED,THEFT  ,Crimes Against Property,,Taken without owner's consent (TWOC),No,,,No,No,,,No,,,Personal Gain,,No,No,Yes,No,Yes,Yes,Solved,SOLVED (FILED-ARRESTED),RESOLVED - FILED IN COURT,,INQUEST,2025-10-14,ARRAIGNMENT,2025-10-14,Pending,Pending,Pending,,14.548719,121.004364,1,2,,,,,,,,,,,,,,,,,,,,,
2025-10-15 09:38:37,NCRPO,SPD HQS,PS 01 Pasay City,,NATIONAL CAPITAL REGION,SOUTHERN,PASAY CITY,BARANGAY 157,APELO CRUZ,Along the street,2025-10-15,06:10:00,2025-10-15,October,04:10:00,(Incident) Theft,YES,Police Initiated Operation,CONSUMMATED,THEFT  ,Crimes Against Property,,Akyat Bahay,No,,,No,No,,,No,,,To be Determined,,No,No,Yes,No,No,Yes,Solved,SOLVED (FILED-ARRESTED),RESOLVED - FILED IN COURT,,INQUEST,2025-10-15,ARRAIGNMENT,2025-10-15,PENDING,PENDING,PENDING,,14.534486,121.009895,2,1,,,,,,,,,,,,,,,,,,,,,
2025-10-18 08:57:25,NCRPO,SPD HQS,PS 01 Pasay City,,NATIONAL CAPITAL REGION,SOUTHERN,PASAY CITY,BARANGAY 14,MAGINHAWA,Commercial/Business Establishment,2025-10-18,06:30:00,2025-10-18,October,04:30:00,(Incident) Physical Injury,YES,Police Initiated Operation,CONSUMMATED,PHYSICAL INJURIES ,Crimes Against Persons,,Punching,No,,,,No,,,No,,,Heated Argument/Misunderstanding,,No,Yes,No,No,No,Yes,Solved,SOLVED (FILED-ARRESTED),RESOLVED - FILED IN COURT,,INQUEST,2025-10-18,ARRAIGNMENT,2025-10-18,Pending,Pending,Pending,,14.558328,120.990814,1,1,,,,,,,,,,,,,,,,,,,,,
2025-10-21 15:07:50,NCRPO,SPD HQS,PS 01 Pasay City,,NATIONAL CAPITAL REGION,SOUTHERN,PASAY CITY,BARANGAY 83,,Along the street,2025-10-20,23:00:00,2025-10-20,October,19:00:00,(Incident) Theft,YES,Personal/Walk-in,CONSUMMATED,THEFT  ,Crimes Against Property,,Bag Snatching,No,,,No,No,,,No,,,Personal Grudge,,No,No,Yes,No,No,Yes,Solved,SOLVED (FILED-ARRESTED),RESOLVED - FILED IN COURT,,E-INQUEST,2025-10-20,ARRAIGNMENT,2025-10-20,PENDING,PENDING,PENDING,,14.528712,121.002518,1,1,,,,,,,,,,,,,,,,,,,,,
2025-10-24 09:30:44,NCRPO,SPD HQS,PS 01 Pasay City,,NATIONAL CAPITAL REGION,SOUTHERN,PASAY CITY,BARANGAY 32,,Along the street,2025-10-23,21:15:00,2025-10-22,October,15:30:00,(Incident) Theft,YES,Police Initiated Operation,CONSUMMATED,THEFT  ,Crimes Against Property,,Shoplifting,No,,,No,No,,,No,,,Personal Gain,,No,No,No,No,No,Yes,Solved,SOLVED (FILED-ARRESTED),RESOLVED - FILED IN COURT,,INQUEST,2025-10-24,ARRAIGNMENT,2025-10-24,Pending,PENDING,PENDING,,14.546294,120.994522,0,1,,,,,,,,,,,,,,,,,,,,,
